ezloophw-py logger started on:,2026-2-13_143713
ctrl_params:,{'n_inputs': 2, 'bidirectional': True, 'u_offset': array([1022., 1022., 1022., 1022.]), 'u_max': 1350.0, 'cmd_separator': ',', 'cmd_bookends': ('<', '>')}
Timestamp (millisec since midnight today),Test time,u_t(0),u_t(1),MPRpressure_0,MPRpressure_1,MPRpressure_2,MPRpressure_3,ForcePlate_0,ForcePlate_1,ValveOpening_0,ValveOpening_1,ValveOpening_2,ValveOpening_3,RPRpressure_0,tagid_x_102,tagid_y_102,tagid_rotation102,tagid_x_103,tagid_y_103,tagid_rotation103,tagid_x_104,tagid_y_104,tagid_rotation104,theta_0,theta_1
52636350,0.000000,0.000000,0.000000,1017.08,1017.41,1018.64,1019.58,0.0,0.0,0.5,0.44,0.27,0.08,1373.04,0.0,0.0,0.0,0.0,0.0,0.0,0.0,0.0,0.0,0.0,0.0
52636449,0.000000,0.000000,0.000000,1021.88,1022.57,1018.64,1019.53,0.0,0.0,0.32,0.44,0.27,0.09,1373.71,0.0,0.0,0.0,0.0,0.0,0.0,0.0,0.0,0.0,0.0,0.0
52636550,0.100000,0.000000,0.000000,1023.46,1023.46,1018.78,1019.53,0.0,0.0,0.59,0.59,0.24,0.09,1375.45,0.0,0.0,0.0,0.0,0.0,0.0,0.0,0.0,0.0,0.0,0.0
52636649,0.200000,0.000000,0.000000,1022.28,1022.16,1018.72,1019.56,0.0,0.0,0.39,0.37,0.26,0.09,1376.97,0.0,0.0,0.0,0.0,0.0,0.0,0.0,0.0,0.0,0.0,0.0
52636749,0.299000,0.000000,0.000000,1021.75,1021.69,1018.63,1019.52,0.0,0.0,0.3,0.29,0.27,0.1,1378.71,0.0,0.0,0.0,0.0,0.0,0.0,0.0,0.0,0.0,0.0,0.0
52636850,0.399000,0.000000,0.000000,1021.74,1021.68,1018.72,1019.51,0.0,0.0,0.04,0.06,0.66,0.5,1377.09,0.0,0.0,0.0,0.0,0.0,0.0,0.0,0.0,0.0,0.0,0.0
52636949,0.500000,0.000000,0.000000,1021.72,1021.66,1027.33,1028.16,0.0,0.0,0.05,0.06,1.0,1.0,1377.26,0.0,0.0,0.0,0.0,0.0,0.0,0.0,0.0,0.0,0.0,0.0
52637050,0.600000,0.000000,0.000000,1021.78,1021.64,1027.23,1027.04,0.0,0.0,0.04,0.06,1.0,1.0,1378.95,636.9086015680426,681.0628010283692,0.513261893021633,615.8819951849454,339.860478760938,7.93428673081563,587.4042462721856,60.93382746500406,5.400591111097763,3.5263951536777975,-1.223226886738666
52637149,0.702000,0.000000,0.000000,1021.82,1021.68,1024.99,1024.95,0.0,0.0,0.03,0.06,0.6,0.59,1378.95,636.9238806604769,681.0600519807806,0.5109534273363209,616.1739496595765,339.86786623918397,7.942746309866969,587.1822264579276,61.0309261522631,5.481943752399785,3.4802115578688095,-1.024494757714426
52637249,0.801000,0.000000,0.000000,1021.74,1021.77,1023.7,1023.67,0.0,0.0,0.04,0.04,0.34,0.33,1382.03,636.9066043578302,681.0633440500044,0.4854084589663215,616.1618236191473,339.90580628760057,7.960171971067388,587.5955693276233,60.89795794298675,5.741319856002159,3.4797023647491927,-1.1135390621549632
52637350,0.904000,0.000000,0.000000,1021.75,1021.72,1023.57,1023.61,0.0,0.0,0.04,0.05,0.31,0.32,1383.68,636.9056964629506,681.0504826032837,0.48577093706334185,616.3189589833062,339.86241541074907,7.918993077251504,587.7804982177383,60.93505105655755,5.599337367482415,3.4529485443819454,-1.0640062894070201
52637450,1.001000,0.000000,0.000000,1021.63,1021.67,1023.67,1023.53,0.0,0.0,0.06,0.06,0.33,0.31,1384.86,636.9127023225101,681.0469345298238,0.4942663778227819,616.2103475286558,339.89426141983296,7.900175274758501,587.7815492905269,60.981355385460176,5.643582857900524,3.472652721183966,-1.1254088473725181
52637551,1.102000,0.000000,0.000000,1021.75,1021.7,1023.69,1023.41,0.0,0.0,0.04,0.05,0.34,0.28,1386.11,636.9038588773283,681.0636746957151,0.5056010889054371,616.1766633902499,339.8950796677977,7.973523651667733,587.4382732874561,60.939417268021536,5.849712662360413,3.4766474710205526,-1.0713566969057942
52637650,1.204000,0.000000,0.000000,1021.69,1021.65,1023.61,1023.6,0.0,0.0,0.05,0.06,0.32,0.32,1386.86,636.9038588773283,681.0636746957151,0.5056010889054371,616.1766633902499,339.8950796677977,7.973523651667733,587.4382732874561,60.939417268021536,5.849712662360413,3.4766474710205526,-1.0713566969057942
52637751,1.302000,0.000000,0.000000,1021.61,1021.66,1023.61,1023.55,0.0,0.0,0.07,0.06,0.32,0.31,1387.5,636.9202003016998,681.0494591194117,0.5016812266341429,616.0148219109453,339.8777098352143,8.091921328314593,587.1979809662912,61.00662103745488,5.648318673051906,3.506428143211868,-1.1131983546276016
52637851,1.403000,0.000000,0.000000,1021.73,1021.66,1023.6,1023.48,0.0,0.0,0.05,0.06,0.32,0.3,1388.15,636.9202003016998,681.0494591194117,0.5016812266341429,616.0148219109453,339.8777098352143,8.091921328314593,587.1979809662912,61.00662103745488,5.648318673051906,3.506428143211868,-1.1131983546276016
52637951,1.505000,0.000000,0.000000,1021.72,1021.66,1023.61,1023.53,0.0,0.0,0.05,0.06,0.32,0.31,1388.55,636.9170493644409,681.0616240983086,0.5144772887710898,616.0105666366655,339.8854809553158,8.099173276143201,587.1486147904467,61.04028926937582,5.6002375936131115,3.5065678623892285,-1.1037626674560057
52638052,1.608000,0.000000,0.000000,1021.68,1021.74,1023.64,1023.55,-0.0,0.0,0.05,0.04,0.33,0.31,1388.55,636.9140123668569,681.0478162775685,0.5094486367327691,616.0493712160496,339.8764314559131,8.076198374272094,587.1886995767194,61.02967557729966,5.702177391324694,3.4996160736275637,-1.090152265236708
52638151,1.703000,0.000000,0.000000,1021.72,1021.72,1023.61,1023.47,-0.0,0.0,0.05,0.05,0.32,0.29,1388.96,636.4934418876625,680.664535331899,0.336361468264303,615.8858304551273,339.74094559605606,7.970196947697308,587.3735921093287,60.89725001854484,5.474409504501676,3.4591160693502143,-1.0799328567474236
52638251,1.802000,0.000000,0.000000,1021.69,1021.69,1023.55,1023.34,-0.0,0.0,0.05,0.05,0.31,0.27,1389.28,636.2144715013758,680.6241135909947,0.4536122815795176,615.5226067700528,338.5117247734476,7.968599332554042,586.9974253566756,58.83505803894272,5.333612547977198,3.4611843197776406,-1.0987139074919483
52638351,1.903000,0.000000,0.000000,1021.72,1021.66,1023.59,1023.46,0.0,0.0,0.05,0.06,0.32,0.29,1389.42,636.2291331790254,681.9635979070499,0.7079700560915582,615.3840364882816,338.35322049437093,7.896918192807087,586.5744820706634,57.41619452392909,5.009512983787624,3.4715894053377725,-1.0880733315068047
52638452,2.003000,0.000000,0.000000,1021.71,1021.66,1023.54,1023.45,0.0,0.0,0.05,0.06,0.31,0.29,1389.43,636.2291331790254,681.9635979070499,0.7079700560915582,615.3840364882816,338.35322049437093,7.896918192807087,586.5744820706634,57.41619452392909,5.009512983787624,3.4715894053377725,-1.0880733315068047
52638551,2.104000,0.000000,0.000000,1021.73,1021.67,1023.53,1023.53,0.0,0.0,0.05,0.06,0.31,0.31,1389.79,636.1529884017947,682.8661701238551,0.6199962318653337,615.3591016630968,338.3758517107069,7.9256140564531465,586.5670028367078,57.55800326316889,5.184315179153234,3.4742757982970502,-1.0945029418858416
52638651,2.203000,0.000000,0.000000,1021.68,1021.71,1023.48,1023.6,-0.0,0.0,0.05,0.05,0.3,0.32,1389.97,636.1529884017947,682.8661701238551,0.6199962318653337,615.3591016630968,338.3758517107069,7.9256140564531465,586.5670028367078,57.55800326316889,5.184315179153234,3.4742757982970502,-1.0945029418858416
52638752,2.303000,0.000000,0.000000,1021.63,1021.7,1023.52,1023.5,0.0,0.0,0.06,0.05,0.3,0.3,1390.18,636.1541811949419,682.8469504098821,0.6386363580966876,615.3591016630968,338.3758517107069,7.9256140564531465,586.5670028367078,57.55800326316889,5.184315179153234,3.4742757982970502,-1.0945029418858416
52638851,2.403000,0.000000,0.000000,1021.79,1021.66,1023.52,1023.47,0.0,0.0,0.04,0.06,0.3,0.29,1390.2,636.2388714431873,681.7515205452272,0.6050817741067662,615.3155550349685,338.3940075463544,7.906780709246687,586.3155256048159,57.734008050239616,5.285335392846097,3.4871441341852254,-1.0749669845641145
52638952,2.504000,0.000000,0.000000,1021.66,1021.71,1023.48,1023.48,0.0,0.0,0.06,0.05,0.3,0.3,1390.21,636.2388714431873,681.7515205452272,0.6050817741067662,615.3155550349685,338.3940075463544,7.906780709246687,586.3155256048159,57.734008050239616,5.285335392846097,3.4871441341852254,-1.0749669845641145
52639051,2.603000,0.000000,0.000000,1021.6,1021.71,1023.49,1023.48,0.0,0.0,0.07,0.05,0.3,0.3,1390.36,636.3326324363989,681.4433897590686,0.5205264576651316,615.3179203585539,338.4374385219347,7.917050411486123,586.4010180133358,58.030195802233976,5.094153731450943,3.505919333845298,-1.1240435015271268
52639151,2.702000,0.000000,0.000000,1021.67,1021.61,1023.61,1023.49,0.0,0.0,0.06,0.07,0.32,0.3,1390.4,636.208567251629,680.6301150260941,0.4676974343492422,615.5244605058953,338.4410087164367,7.949896731674392,586.9541542349106,58.80969549116306,5.219457048295961,3.459115963142226,-1.0844885450405375
52639253,2.802000,0.000000,0.000000,1021.66,1021.69,1023.54,1023.41,0.0,0.0,0.06,0.05,0.31,0.28,1390.3,636.2140954159231,680.2666467623394,0.488123088559439,615.5537983791413,338.4994281171081,8.004136590605524,587.032862625184,59.08115035391351,5.437566140066436,3.4593985685059767,-1.0906557202133236
52639352,2.903000,0.000000,0.000000,1021.68,1021.72,1023.54,1023.52,0.0,0.01,0.05,0.05,0.31,0.3,1390.43,636.2613156691418,680.1380971069746,0.42323246895388644,615.5857804683353,338.61939075757283,7.909839465357776,587.0042941730461,59.465916483177374,5.394171550840554,3.4644568845684467,-1.082982682369642
52639452,3.003000,0.000000,0.000000,1021.74,1021.7,1023.58,1023.6,0.0,0.0,0.04,0.05,0.32,0.32,1390.34,636.3569151125722,680.3989950494241,0.4097090287676679,615.609677365784,338.98772988110926,7.960429215602784,586.9889709452788,59.81322163389617,5.402507892313961,3.4775335125304645,-1.1016076884037505
52639551,3.103000,0.000000,0.000000,1021.66,1021.7,1023.55,1023.48,0.0,0.0,0.06,0.05,0.31,0.3,1390.43,636.4244560210088,680.6065007168409,0.33743547181228345,615.6439028866222,339.35719459998353,7.9500138982372555,586.8491088533151,60.30829884024152,5.4645161673440805,3.484752940944104,-1.0780597167046322
52639651,3.203000,0.000000,0.000000,1021.72,1021.69,1023.54,1023.49,0.0,0.0,0.05,0.05,0.31,0.3,1390.46,636.4244560210088,680.6065007168409,0.33743547181228345,615.6439028866222,339.35719459998353,7.9500138982372555,586.8491088533151,60.30829884024152,5.4645161673440805,3.484752940944104,-1.0780597167046322
52639751,3.303000,0.000000,0.000000,1021.78,1021.69,1023.49,1023.43,0.0,0.0,0.04,0.05,0.3,0.29,1390.55,636.881072101457,681.0294923789608,0.49102325153921067,615.9656164864772,339.91039304717015,8.093370097937827,587.1521250176695,60.96854435493868,5.622018620362617,3.508654267506305,-1.1198173642164262
52639851,3.403000,0.000000,0.000000,1021.63,1021.67,1023.6,1023.39,0.01,0.0,0.06,0.06,0.32,0.28,1390.49,636.8873300529592,681.0423742309414,0.47643839478857,616.1405114539573,339.86899559471914,7.904805905100369,587.222021880515,60.95998385641353,5.584280148434332,3.4798821694170057,-1.0402427499773745
52639951,3.503000,0.000000,0.000000,1021.73,1021.62,1023.51,1023.55,0.01,0.0,0.05,0.06,0.3,0.31,1390.58,636.8873300529592,681.0423742309414,0.47643839478857,616.1405114539573,339.86899559471914,7.904805905100369,587.222021880515,60.95998385641353,5.584280148434332,3.4798821694170057,-1.0402427499773745
52640051,3.602000,0.000000,0.000000,1021.64,1021.63,1023.47,1023.45,0.01,0.0,0.06,0.06,0.29,0.29,1390.66,636.893497246329,681.0201296765076,0.5007833378667135,616.2004747282073,339.8692805748021,7.901992213801795,587.3104414086619,60.91434640934577,5.736878363322964,3.471109648894778,-1.0294479513265848
52640151,3.702000,0.000000,0.000000,1021.58,1021.66,1023.52,1023.48,0.01,0.0,0.07,0.06,0.3,0.3,1390.72,636.8895395606487,681.0385054378534,0.4608321160009251,616.2117156832152,339.85224689136476,7.906735055893802,587.5420790271818,60.93873092425536,5.699232919512461,3.468207309333534,-1.0675694410670857
52640251,3.802000,0.000000,0.000000,1021.7,1021.73,1023.53,1023.48,0.01,0.0,0.05,0.05,0.31,0.3,1390.57,636.8979359172596,681.0308096062648,0.5180574277545065,616.2383027877698,339.81768877290057,7.861930503193267,587.5745416621506,60.92866233043577,5.636139769062399,3.4648915535248235,-1.061620643899901
52640351,3.904000,0.000000,0.000000,1021.63,1021.63,1023.55,1023.4,0.0,0.0,0.06,0.06,0.31,0.28,1390.7,636.8922972332965,681.0331219994082,0.5100259061291086,616.1885105418916,339.87113688453013,7.970335004451358,587.5302020147572,60.94228440209745,5.610954771862607,3.4727977620967136,-1.079373419362554
52640452,4.003000,0.000000,0.000000,1021.6,1021.68,1023.59,1023.32,0.0,0.01,0.07,0.05,0.32,0.26,1390.71,636.8955911046318,681.0352617868936,0.5119901653746406,616.1435887653356,339.884848375955,7.985706649314844,587.3215424814911,60.9212691549788,5.6838299666709045,3.480983242823209,-1.0631929721990732
52640552,4.103000,0.000000,0.000000,1021.59,1021.68,1023.61,1023.4,0.0,0.01,0.07,0.05,0.32,0.28,1390.71,636.8955911046318,681.0352617868936,0.5119901653746406,616.1435887653356,339.884848375955,7.985706649314844,587.3215424814911,60.9212691549788,5.6838299666709045,3.480983242823209,-1.0631929721990732
52640651,4.203000,0.000000,0.000000,1021.7,1021.66,1023.55,1023.45,0.0,0.01,0.05,0.06,0.31,0.29,1390.65,636.885910099995,681.0219790231959,0.4808413404843586,616.1358159906091,339.8638130177995,7.90088905005731,587.1739850367065,61.00726807343465,5.428753967006215,3.4805850380697296,-1.0317323165756687
52640751,4.303000,0.000000,0.000000,1021.68,1021.67,1023.36,1023.41,0.0,0.01,0.06,0.06,0.27,0.28,1390.74,636.8924527556536,681.0266693711756,0.49500988502867255,616.1184076109411,339.860894410097,7.917035731708288,587.201263398697,61.023337202400235,5.647705688361098,3.4845151251765785,-1.0482760128737683
52640851,4.402000,0.000000,0.000000,1021.66,1021.73,1023.52,1023.43,0.0,0.01,0.06,0.05,0.3,0.29,1390.71,636.8924527556536,681.0266693711756,0.49500988502867255,616.1184076109411,339.860894410097,7.917035731708288,587.201263398697,60.947831107124706,5.617687036290179,3.4841538394553035,-1.0680027517931112
52640952,4.505000,0.000000,0.000000,1021.65,1021.59,1023.46,1023.46,0.0,0.01,0.06,0.07,0.29,0.29,1390.75,636.8985767580831,681.0188233891319,0.4897945858200986,616.2081026715744,339.87861354060476,7.900589315741029,587.3894884167315,60.937155947804925,5.757838620496466,3.4707911890925787,-1.0430418654033629
52641052,4.603000,0.000000,0.000000,1021.73,1021.7,1023.58,1023.5,0.0,0.01,0.05,0.05,0.32,0.3,1390.72,636.8754042147692,681.0472943717917,0.5089744031684259,616.1851075879018,339.85039709269097,7.969953222457494,587.5147126051457,60.95718664943648,5.847826821086017,3.4701862603172744,-1.0709488684180437
52641152,4.702000,0.000000,0.000000,1021.7,1021.61,1023.52,1023.36,0.0,0.01,0.05,0.07,0.3,0.27,1390.72,636.9025094580664,681.0231119824441,0.4971945070419747,616.2025781026813,339.85153049017964,7.940334279163438,587.5571957721306,60.940596253031835,5.733953435687455,3.472055235797724,-1.080141785520638
52641253,4.804000,0.000000,0.000000,1021.56,1021.56,1023.56,1023.33,0.0,0.01,0.07,0.07,0.31,0.27,1390.79,636.8936025478021,681.0335720051531,0.48668820086198605,616.2020844118555,339.8476418390938,7.921052776104165,587.5645978642882,60.93186203058426,5.70296392394048,3.4705019116195492,-1.0787413533929913
52641352,4.904000,0.000000,0.000000,1021.62,1021.56,1023.46,1023.48,0.0,0.01,0.06,0.08,0.29,0.3,1390.79,636.895335011467,681.0396131957456,0.4938658154157354,616.181656810669,339.90654453609534,7.971480383109714,587.4198697410309,60.93415697096862,5.722346088526896,3.4747466674432306,-1.0631504505497027
52641453,5.003000,0.000000,0.000000,1021.73,1021.61,1023.41,1023.37,0.0,0.01,0.05,0.07,0.28,0.27,1390.73,636.8888450630337,681.0351651124079,0.5038165725225712,616.1840340880485,339.8740991382366,7.911455514009032,587.2993049854922,60.898252749137846,5.607289042853948,3.4729784859784356,-1.034703529390054
52641552,5.105000,0.000000,0.000000,1021.62,1021.6,1023.45,1023.48,0.0,0.01,0.06,0.07,0.29,0.3,1390.8,636.8888450630337,681.0351651124079,0.5038165725225712,616.1840340880485,339.8740991382366,7.911455514009032,587.2993049854922,60.898252749137846,5.607289042853948,3.4729784859784356,-1.034703529390054
52641652,5.204000,0.000000,0.000000,1021.68,1021.66,1023.71,1023.33,-0.0,0.01,0.05,0.06,0.34,0.27,1390.76,636.8852034609482,681.0294243509675,0.49472874495788427,616.1302150282766,339.86518718760703,7.9000750356039795,587.1648667653396,61.03146742164488,5.5452882672134605,3.4813421838311824,-1.0320496515535638
52641752,5.304000,0.000000,0.000000,1021.59,1021.62,1023.55,1023.36,-0.0,0.01,0.07,0.06,0.31,0.27,1390.85,636.8937766158338,681.0153883107071,0.4880746601475937,616.1230719435833,339.8837635941612,7.911491002247511,587.2088104572582,61.04014520474641,5.6856364710749,3.4813421838311824,-1.0320496515535638
52641852,5.403000,0.000000,0.000000,1021.72,1021.6,1023.55,1023.35,-0.0,0.01,0.05,0.07,0.31,0.27,1390.62,636.8911576822258,681.0206863550629,0.4838161728234319,616.1925255332434,339.87803960714473,7.884199102202365,587.3140819608334,60.93772628794689,5.625412540807094,3.472131600449121,-1.0335394669261513
52641952,5.503000,0.000000,0.000000,1021.67,1021.64,1023.58,1023.34,0.0,0.01,0.06,0.06,0.32,0.27,1390.94,636.8911576822258,681.0206863550629,0.4838161728234319,616.1925255332434,339.87803960714473,7.884199102202365,587.3140819608334,60.93772628794689,5.625412540807094,3.472131600449121,-1.0335394669261513
52642052,5.604000,0.000000,0.000000,1021.7,1021.64,1023.54,1023.42,0.0,0.01,0.05,0.06,0.31,0.28,1390.83,636.8986067802254,681.0349185362121,0.4938178926267261,616.1868299510388,339.8901081743552,7.959938316642522,587.4268979944188,60.93353592489083,5.6800848606916885,3.474309199461562,-1.0623211544201485
52642153,5.703000,0.000000,0.000000,1021.68,1021.67,1023.55,1023.49,0.0,0.01,0.05,0.06,0.31,0.3,1390.91,636.8792294574522,681.0422141066945,0.518903582714133,616.1916017158735,339.8495099901542,7.930318218967701,587.5457546002843,60.93046655405764,5.632801725883609,3.4697822652318355,-1.07567066349755
52642254,5.804000,0.000000,0.000000,1021.74,1021.62,1023.57,1023.43,0.0,0.01,0.05,0.06,0.31,0.29,1390.91,636.8902487977423,681.0405701512545,0.502804756700852,616.191413693667,339.87692786033574,7.953501087048896,587.5081655513301,60.952053337761086,5.79031668965398,3.4719524045170918,-1.0725301788373018
52642354,5.904000,0.000000,0.000000,1021.66,1021.67,1023.44,1023.39,0.01,0.01,0.06,0.06,0.29,0.28,1390.81,636.8988427526908,681.0297029692418,0.4994852749803069,616.1907664029685,339.88667374443986,7.8890569381704445,587.4430369929353,60.93128945322964,5.593901418180955,3.4737080724853153,-1.0635739903538841
52642453,6.005000,0.000000,0.000000,1021.64,1021.7,1023.47,1023.39,0.01,0.01,0.06,0.05,0.29,0.28,1390.95,636.8955509785374,681.0282711823345,0.49802969345811404,616.1539094089824,339.86849480987735,7.913282848513601,587.234151146631,60.97480251113931,5.502599259390598,3.4791543246977983,-1.0382063481249153
52642554,6.106000,0.000000,0.000000,1021.61,1021.65,1023.64,1023.32,0.0,0.01,0.07,0.06,0.33,0.26,1390.89,636.8993497511215,681.0389296365164,0.48504544119038995,616.1220505596948,339.86488817431757,7.892971402357386,587.1496854101839,61.02108856533936,5.454112904793783,3.4849753611250116,-1.0381024545877038
52642654,6.205000,0.000000,0.000000,1021.65,1021.64,1023.49,1023.32,0.0,0.01,0.06,0.06,0.3,0.26,1390.89,636.8993497511215,681.0389296365164,0.48504544119038995,616.1220505596948,339.86488817431757,7.892971402357386,587.1496854101839,61.02108856533936,5.454112904793783,3.4849753611250116,-1.0381024545877038
52642754,6.305000,0.000000,0.000000,1021.75,1021.65,1023.61,1023.39,0.0,0.01,0.04,0.06,0.32,0.28,1391.01,636.8988068837722,681.04161624101,0.4938980608046847,616.1506950978048,339.87877808078576,7.842114952391141,587.2569791781798,60.957923074078174,5.713999665300357,3.4802057996660674,-1.046174489541766
52642854,6.405000,0.000000,0.000000,1021.73,1021.66,1023.51,1023.46,0.0,0.01,0.05,0.06,0.3,0.29,1390.95,636.8817622133683,681.0418633879563,0.49143181886749815,616.2077484143821,339.89754535583484,7.892966199052548,587.3563324994694,60.93811713666053,5.6840367260134625,3.467995084814006,-1.0311610176245871
52642955,6.506000,0.000000,0.000000,1021.62,1021.64,1023.62,1023.52,0.0,0.01,0.06,0.06,0.32,0.3,1391.04,636.8817622133683,681.0418633879563,0.49143181886749815,616.2077484143821,339.89754535583484,7.892966199052548,587.3563324994694,60.93811713666053,5.6840367260134625,3.467995084814006,-1.0311610176245871
52643054,6.610000,0.000000,0.000000,1021.72,1021.6,1023.52,1023.48,0.0,0.01,0.05,0.07,0.3,0.3,1390.96,636.895811160143,681.037329910187,0.5023882085838303,616.2039964402817,339.87476881944184,7.980810231140401,587.4390715377049,60.930474565513435,5.671308079124504,3.4707886807774275,-1.0540080723451357
52643154,6.705000,0.000000,0.000000,1021.62,1021.67,1023.5,1023.43,0.0,0.01,0.06,0.06,0.3,0.29,1390.86,636.8900903363717,681.0298844824242,0.4861121024880348,616.1846529844235,339.8514912155646,7.960398712693388,587.4992703873651,60.941217188956735,5.688541814562534,3.472907341475116,-1.0737009572366185
52643254,6.806000,0.000000,0.000000,1021.64,1021.6,1023.48,1023.49,0.0,0.01,0.06,0.07,0.3,0.3,1391.07,636.892038398831,681.0326093946801,0.493125740762866,616.1980179563818,339.886811164694,7.986760910008373,587.510052687457,60.95569975249841,5.801110488743347,3.471327903095746,-1.070452729202052
52643356,6.905000,0.000000,0.000000,1021.7,1021.53,1023.54,1023.43,0.0,0.01,0.05,0.08,0.31,0.29,1391.04,636.8905864135523,681.0325825738835,0.4919075901206241,616.1646024652417,339.9017463751248,7.988624794219988,587.407847930036,60.95296121479061,5.744533290110474,3.476828607821762,-1.0678425792510273
52643455,7.010000,0.000000,0.000000,1021.7,1021.64,1023.52,1023.32,0.0,0.01,0.05,0.06,0.3,0.26,1391.07,636.8975792301121,681.0417675158342,0.51075560011295,616.1756215016451,339.86610394498,7.904376206212963,587.2603530724358,60.92409113235536,5.610607437757785,3.475832243970525,-1.0446578048967776
52643555,7.108000,0.000000,0.000000,1021.8,1021.58,1023.52,1023.54,0.0,0.01,0.03,0.07,0.3,0.31,1390.93,636.8929609355333,681.0402327754587,0.5045183552552812,616.1353712995266,339.87684887525063,7.9160089912616565,587.233756563366,60.99420098590035,5.664103459481475,3.4817861105522074,-1.046925046783059
52643655,7.207000,0.000000,0.000000,1021.56,1021.63,1023.54,1023.57,0.0,0.01,0.07,0.06,0.31,0.31,1391.04,636.8929609355333,681.0402327754587,0.5045183552552812,616.1353712995266,339.87684887525063,7.9160089912616565,587.233756563366,60.99420098590035,5.664103459481475,3.4817861105522074,-1.046925046783059
52643756,7.307000,0.000000,0.000000,1021.67,1021.64,1023.52,1023.38,0.0,0.01,0.06,0.06,0.3,0.28,1390.98,636.8969790229979,681.0326862593296,0.5257156781088931,616.1747431703228,339.87363623705414,7.868239209811126,587.3018400426186,60.95789799266756,5.691841709089619,3.4817766301268938,-1.0421273152031683
52643855,7.407000,0.000000,0.000000,1021.62,1021.58,1023.59,1023.48,0.0,0.01,0.07,0.07,0.32,0.3,1391.05,636.8969790229979,681.0326862593296,0.5257156781088931,616.1747431703228,339.87363623705414,7.868239209811126,587.3018400426186,60.95789799266756,5.691841709089619,3.475914621952065,-1.0417144745655706
52643955,7.509000,0.000000,0.000000,1021.64,1021.49,1023.54,1023.41,-0.0,0.01,0.07,0.07,0.32,0.3,1390.97,636.8857008705291,681.0329350098182,0.4935276196396422,616.1734578217342,339.8856546147682,7.990099640764779,587.3860926640142,60.93604453868973,5.721618170850216,3.4743621199361776,-1.056705702299614
52644055,7.607000,0.000000,0.000000,1021.64,1021.59,1023.55,1023.36,-0.0,0.0,0.06,0.07,0.31,0.27,1390.96,636.8889233297949,681.0355975356497,0.4931568998995367,616.2064115595024,339.84663003331485,7.960112864084512,587.5038121858016,60.95549004687909,5.830079242565033,3.4689641949563956,-1.0619146192308948
52644155,7.706000,0.000000,0.000000,1021.68,1021.68,1023.53,1023.43,-0.0,0.0,0.06,0.07,0.31,0.27,1391.03,636.8889233297949,681.0355975356497,0.4931568998995367,616.2064115595024,339.84663003331485,7.960112864084512,587.5038121858016,60.95549004687909,5.830079242565033,3.4689641949563956,-1.0619146192308948
52644255,7.805000,0.000000,0.000000,1021.68,1021.68,1023.53,1023.43,0.0,0.0,0.05,0.05,0.31,0.29,1390.95,636.8885068240561,681.0350494578714,0.5151824999768283,616.1965524214046,339.8816042236937,7.904448434334242,587.3688699693671,60.92434628272935,5.685738666825363,3.470904569289104,-1.0417575011809461
52644355,7.906000,0.000000,0.000000,1021.64,1021.57,1023.49,1023.48,0.0,0.0,0.06,0.07,0.3,0.3,1390.97,636.8959385345325,681.0473729442286,0.5100909734894089,616.1631753838201,339.8762119626696,7.910552117284849,587.2494823732865,60.94903653923678,5.56632865382885,3.4775529730740526,-1.03694190712889
52644456,8.005000,0.000000,0.000000,1021.74,1021.63,1023.32,1023.4,0.0,0.0,0.04,0.06,0.26,0.28,1391.14,636.8959385345325,681.0473729442286,0.5100909734894089,616.1631753838201,339.8762119626696,7.910552117284849,587.2494823732865,60.94903653923678,5.56632865382885,3.4775529730740526,-1.03694190712889
52644556,8.107000,0.000000,0.000000,1021.6,1021.68,1023.5,1023.36,0.0,0.0,0.07,0.06,0.3,0.27,1391.08,636.8953208915998,681.0334347469126,0.49623883382261275,616.1381728351342,339.85422766950876,7.908945201859034,587.1856778377901,61.018556246890505,5.5334993729372135,3.481551146835906,-1.0351217262899794
52644656,8.208000,0.000000,0.000000,1021.69,1021.65,1023.57,1023.41,0.01,0.0,0.05,0.06,0.31,0.28,1391.08,636.898009046735,681.0342774268985,0.4705745145549224,616.1543508187999,339.8854679932978,7.901294358484768,587.2357506844592,60.984639378800075,5.507717359753241,3.4828988332316224,-1.037262995269228
52644756,8.307000,0.000000,0.000000,1021.58,1021.61,1023.58,1023.43,0.0,0.0,0.07,0.07,0.32,0.29,1391.2,636.898009046735,681.0342774268985,0.4705745145549224,616.1543508187999,339.8854679932978,7.901294358484768,587.2357506844592,60.984639378800075,5.507717359753241,3.479603343901345,-1.0394901784431845
52644856,8.407000,0.000000,0.000000,1021.77,1021.67,1023.5,1023.5,0.01,0.0,0.04,0.06,0.3,0.3,1391.26,636.8959987775544,681.0271653247933,0.48330980758448155,616.179216283682,339.9171473928569,7.932284643461338,587.4469737779136,60.95972114794361,5.805850773384292,3.475500408187134,-1.0703489150914232
52644957,8.511000,0.000000,0.000000,1021.77,1021.75,1023.5,1023.56,0.01,0.0,0.04,0.04,0.3,0.31,1391.19,636.8937342866483,681.0345020300404,0.5078754284713215,616.2113521028645,339.88343737375953,7.9659716050398695,587.4924450939279,60.96776257838353,5.811811296935131,3.4693269811892127,-1.059838614767771
52645056,8.608000,0.000000,0.000000,1021.71,1021.7,1023.53,1023.46,0.01,0.0,0.05,0.05,0.31,0.29,1391.2,636.8937342866483,681.0345020300404,0.5078754284713215,616.2113521028645,339.88343737375953,7.9659716050398695,587.4924450939279,60.96776257838353,5.811811296935131,3.4693269811892127,-1.059838614767771
52645156,8.709000,0.000000,0.000000,1021.79,1021.71,1023.45,1023.58,0.01,0.0,0.04,0.05,0.29,0.32,1391.1,636.8731399989827,681.0429441503805,0.5095502399764058,616.1766907468251,339.86326980349565,7.952865260487433,587.4964595871883,60.94790313194766,5.8302560762636855,3.4713904590015487,-1.0718208129011995
52645256,8.809000,0.000000,0.000000,1021.74,1021.67,1023.51,1023.45,0.01,0.0,0.04,0.06,0.3,0.29,1391.1,636.8890708733663,681.0407389693598,0.5232593150034314,616.1989106996707,339.8719721449815,7.929316393331213,587.3413233448096,60.93581166734192,5.790401721852358,3.470448857026781,-1.0343252424238294
52645357,8.909000,0.000000,0.000000,1021.67,1021.6,1023.36,1023.35,0.01,0.0,0.06,0.07,0.27,0.27,1391.12,636.8931044381873,681.0326276834159,0.500343580197634,616.1631110570847,339.8687123166699,7.909837966475681,587.2932169240265,60.94446260897062,5.537880614009504,3.477163198280257,-1.045002246104179
52645456,9.009000,0.000000,0.000000,1021.61,1021.63,1023.49,1023.41,0.01,0.01,0.07,0.06,0.3,0.28,1391.08,636.889676420021,681.0355901335548,0.5021509786069878,616.1399860766791,339.8671980678243,7.900100795685859,587.2294153933419,60.99748231109574,5.489347090751262,3.480413410191618,-1.042086714125622
52645562,9.110000,0.000000,0.000000,1021.67,1021.75,1023.45,1023.39,0.01,0.01,0.06,0.04,0.29,0.28,1391.03,636.889676420021,681.0355901335548,0.5021509786069878,616.1399860766791,339.8671980678243,7.900100795685859,587.2294153933419,60.99748231109574,5.489347090751262,3.480413410191618,-1.042086714125622
52645661,9.233000,0.000000,0.000000,1021.8,1021.66,1023.48,1023.53,0.01,0.01,0.03,0.06,0.3,0.31,1391.19,636.8898189020708,681.0455894334777,0.5112295208741935,616.1703850074459,339.8643353364942,7.9101445160369135,587.3259106227838,60.921985159800236,5.714444844708119,3.4752201504433295,-1.046662911922696
52645763,9.314000,0.000000,0.000000,1021.69,1021.64,1023.48,1023.49,0.01,0.01,0.05,0.06,0.3,0.3,1391.29,636.884755064581,681.0414067602984,0.5134932430284521,616.2149218459335,339.8910048828174,7.916937705199653,587.3591187981083,60.94735488800625,5.7250312704898185,3.46723383525468,-1.0284152874165366
52645862,9.415000,146.012377,0.320530,1021.71,1021.69,1023.35,1023.46,0.01,0.01,0.05,0.05,0.27,0.29,1391.19,636.884755064581,681.0414067602984,0.5134932430284521,616.2149218459335,339.8910048828174,7.916937705199653,587.3591187981083,60.94735488800625,5.7250312704898185,3.46723383525468,-1.0284152874165366
52645963,9.514000,145.995547,0.358985,1021.76,1021.66,1023.49,1023.35,0.01,0.01,0.04,0.06,0.3,0.27,1391.19,636.8966667763032,681.0338071295391,0.5122853722977464,616.1905932758045,339.904729505807,7.930318072224831,587.4406708371276,60.93639538474625,5.765582953612304,3.473514631295068,-1.0630126414341783
52646062,9.615000,145.982876,0.428784,1021.78,1021.59,1023.47,1023.33,0.01,0.01,1.0,0.07,0.23,0.27,1390.36,636.8986293576046,681.0379903162283,0.5006602663249097,616.1942498910064,339.9036238606304,7.967725644103716,587.4754900926454,60.96066430230104,5.782939125591478,3.4731774310322696,-1.0681404434497832
52646163,9.714000,145.994091,0.382258,1031.33,1025.45,1023.5,1023.43,0.0,0.01,1.0,0.59,0.23,0.29,1388.76,636.8966542348527,681.0376437971601,0.502785876471956,616.1712730092805,339.88972593870255,7.993628730906303,587.4231371814591,60.94722708137606,5.687866330400911,3.476554091110771,-1.0689135348311503
52646263,9.816000,145.986442,0.374461,1042.66,1029.72,1023.54,1023.31,0.0,0.01,1.0,1.0,0.22,0.26,1387.54,636.8999810438885,681.03786058027,0.516176289929436,616.1724750394036,339.8906058279364,7.962634819082668,587.3711228328714,60.96182670968578,5.726047605445636,3.476916376947689,-1.0585344494498727
52646363,9.916000,145.991530,0.351239,1052.56,1032.14,1023.62,1023.34,0.0,0.01,1.0,1.0,0.25,0.27,1386.6,636.8940896516563,681.033168548162,0.5062308066190131,615.6467513832172,339.7708021583643,8.2519843853694,586.854937656799,61.03403856110126,5.616822098054928,3.562694110807652,-1.2279973878880277
52646463,10.015000,145.814534,0.720431,1061.66,1034.23,1023.63,1023.38,-0.0,0.01,1.0,1.0,0.25,0.28,1385.69,636.883605914285,681.0302258377016,0.502565715595442,613.2863089678518,339.88402495552305,9.116202804436476,582.0671115561964,61.621064576976096,5.332341428325409,3.9568824129281426,-1.5123402961274497
52646564,10.115000,145.157363,1.009229,1070.32,1036.21,1023.55,1023.35,-0.0,0.01,1.0,1.0,0.24,0.27,1385.36,636.8835541620667,681.028398936938,0.4956175119942889,607.9719824368102,340.37508702715377,11.06275176033371,582.0671115561964,61.621064576976096,5.332341428325409,3.9568824129281426,-1.5123402961274497
52646664,10.217000,145.824627,0.527906,1078.34,1038.03,1023.44,1023.48,-0.0,0.01,1.0,1.0,0.14,0.3,1384.97,636.875923582325,681.0313523533572,0.4817211816598031,599.4958359980734,341.3574134258373,13.915954586297659,582.0671115561964,61.621064576976096,5.332341428325409,3.9568824129281426,-1.5123402961274497
52646764,10.317000,145.824627,0.527906,1086.19,1039.51,1023.47,1023.33,-0.0,0.01,1.0,1.0,0.09,0.27,1384.58,636.875923582325,681.0313523533572,0.4817211816598031,599.4958359980734,341.3574134258373,13.915954586297659,582.0671115561964,61.621064576976096,5.332341428325409,3.9568824129281426,-1.5123402961274497
52646865,10.416000,145.824627,0.527906,1094.08,1039.88,1023.53,1023.35,-0.0,0.01,1.0,1.0,0.1,0.27,1384.33,636.8624733173202,681.0479627218824,0.4984162961214353,599.4958359980734,341.3574134258373,13.915954586297659,582.0671115561964,61.621064576976096,5.332341428325409,3.9568824129281426,-1.5123402961274497
52646964,10.516000,145.824627,0.527906,1102.15,1038.99,1023.46,1023.36,-0.0,0.01,1.0,1.0,0.09,0.27,1384.07,636.8354834984553,681.0842924951653,0.5328081866075819,564.2473956861747,348.5918091266074,23.65577370247021,582.0671115561964,61.621064576976096,5.332341428325409,3.9568824129281426,-1.5123402961274497
52647065,10.616000,145.824627,0.527906,1110.59,1037.18,1023.49,1023.51,-0.0,0.01,1.0,1.0,0.19,0.3,1384.14,636.831411012094,681.1064726828546,0.5296162247427733,553.960162623982,351.6106374274591,26.272309161294814,582.0671115561964,61.621064576976096,5.332341428325409,3.9568824129281426,-1.5123402961274497
52647166,10.716000,145.824627,0.527906,1119.01,1034.85,1023.49,1023.4,-0.0,0.01,1.0,1.0,0.19,0.28,1384.07,636.8193105839276,681.1269146478008,0.5305139674695233,545.9755687684898,354.32674312028195,28.408853361469628,582.0671115561964,61.621064576976096,5.332341428325409,3.9568824129281426,-1.5123402961274497
52647265,10.818000,145.824627,0.527906,1127.38,1032.24,1023.52,1023.35,-0.0,0.01,1.0,1.0,0.2,0.27,1383.98,636.8396785148495,681.058497120846,0.528004361294167,539.9798378272866,356.59122580644936,30.627375860720964,582.0671115561964,61.621064576976096,5.332341428325409,3.9568824129281426,-1.5123402961274497
52647365,10.917000,145.824627,0.527906,1135.22,1030.09,1023.62,1023.35,0.0,0.02,1.0,1.0,0.22,0.27,1384.01,636.8056606514355,681.1619072905959,0.5193988733617866,526.8122168977632,362.1388892075251,34.783449601647554,582.0671115561964,61.621064576976096,5.332341428325409,3.9568824129281426,-1.5123402961274497
52647465,11.017000,145.824627,0.527906,1142.53,1028.27,1023.43,1023.47,0.0,0.02,1.0,1.0,0.18,0.29,1384.02,636.8056606514355,681.1619072905959,0.5193988733617866,526.8122168977632,362.1388892075251,34.783449601647554,582.0671115561964,61.621064576976096,5.332341428325409,3.9568824129281426,-1.5123402961274497
52647566,11.117000,145.824627,0.527906,1149.58,1026.62,1023.4,1023.5,0.0,0.02,1.0,0.79,0.18,0.3,1383.97,636.7894636141252,681.1941899550732,0.5332093299224822,518.764894446885,366.2431040526433,37.58886531535812,582.0671115561964,61.621064576976096,5.332341428325409,3.9568824129281426,-1.5123402961274497
52647665,11.218000,145.824627,0.527906,1156.22,1025.88,1023.52,1023.38,0.0,0.02,1.0,0.66,0.2,0.28,1384.12,636.7796058941069,681.2222758877837,0.6163418518607534,518.764894446885,366.2431040526433,37.58886531535812,582.0671115561964,61.621064576976096,5.332341428325409,3.9568824129281426,-1.5123402961274497
52647765,11.323000,145.824627,0.527906,1162.96,1025.07,1023.33,1023.45,0.0,0.02,0.83,0.52,0.16,0.29,1384.37,636.7796058941069,681.2222758877837,0.6163418518607534,518.764894446885,366.2431040526433,37.58886531535812,582.0671115561964,61.621064576976096,5.332341428325409,3.9568824129281426,-1.5123402961274497
52647866,11.417000,145.824627,0.527906,1169.1,1024.59,1023.37,1023.44,0.01,0.01,0.22,0.44,0.17,0.29,1384.37,636.7715710509967,681.2388981756462,0.62778078283442,487.72027490612334,384.6629123038013,47.259728242989304,582.0671115561964,61.621064576976096,5.332341428325409,3.9568824129281426,-1.5123402961274497
52647965,11.517000,145.824627,0.527906,1168.83,1023.97,1023.3,1023.56,0.01,0.01,0.17,0.33,0.16,0.31,1384.93,636.6550070484692,681.3886700894794,0.5766862043567583,473.8231184555882,395.02220495246934,52.65075397092906,582.0671115561964,61.621064576976096,5.332341428325409,3.9568824129281426,-1.5123402961274497
52648065,11.617000,145.824627,0.527906,1167.89,1023.67,1023.38,1023.5,0.01,0.01,0.01,0.28,0.17,0.3,1385.97,636.6550070484692,681.3886700894794,0.5766862043567583,473.8231184555882,395.02220495246934,52.65075397092906,582.0671115561964,61.621064576976096,5.332341428325409,3.9568824129281426,-1.5123402961274497
52648165,11.717000,145.824627,0.527906,1167.87,1023.48,1023.51,1023.46,0.01,0.02,0.01,0.25,0.2,0.29,1387.08,636.671836522067,681.3441047204494,0.6999048107406657,470.3415347309224,398.0429906876682,54.2058573228578,254.81371940598177,239.64256762938294,55.154813489828946,30.417829471562847,-7.149384175214919
52648265,11.817000,92.404302,11.908176,1168.24,1022.98,1023.46,1023.45,0.01,0.02,0.07,0.17,0.19,0.29,1387.81,636.7128353818885,681.4477192252887,0.587251383087326,469.40002510280846,398.94430120890286,54.72596204892982,254.81371940598177,239.64256762938294,55.154813489828946,30.417829471562847,-7.149384175214919
52648365,11.917000,136.588014,2.495606,1168.75,1022.58,1023.46,1023.37,0.01,0.02,0.16,0.1,0.19,0.27,1388.63,636.6710681912874,681.3891267552058,0.5959280875026628,471.26589527362665,397.37718711466925,54.07285717218501,255.62776360522253,238.12122616046827,54.29066793702413,30.216012438613,-6.8791306663767315
52648465,12.016000,136.983330,1.966238,1169.16,1022.3,1023.63,1023.34,0.01,0.01,1.0,0.05,1.0,0.27,1389.11,636.7173121985875,681.345152162485,0.742555295740508,475.48728334504636,394.1168559161249,52.78583789779076,255.62776360522253,238.12122616046827,54.29066793702413,30.216012438613,-6.8791306663767315
52648566,12.117000,136.658462,2.401270,1163.17,1021.69,1033.68,1027.22,0.01,0.02,0.78,0.05,1.0,1.0,1387.71,636.7173121985875,681.345152162485,0.742555295740508,475.48728334504636,394.1168559161249,52.78583789779076,255.62776360522253,238.12122616046827,54.29066793702413,30.216012438613,-6.8791306663767315
52648665,12.218000,136.658462,2.401270,1156.68,1021.2,1031.99,1025.77,0.01,0.02,0.39,0.14,1.0,0.75,1386.05,636.7490321247614,681.2870613145365,0.6252857690035974,481.19404961673797,389.7244275982485,51.02750118759519,276.4406517504117,215.99254446131513,50.9052085979308,28.080887382072792,-6.476155962985821
52648766,12.316000,141.066238,1.569364,1157.01,1021.35,1029.3,1023.82,0.0,0.02,0.34,0.11,1.0,0.36,1385.57,636.7225311408138,681.346012147208,0.7391944377666686,481.14893688971085,389.9386925871605,50.997357747603616,273.6674817439316,219.63359894330995,52.32175992902876,28.096416116701956,-5.5726937782513986
52648866,12.418000,137.370883,0.347726,1158.16,1021.46,1027.68,1022.91,0.0,0.01,0.09,0.09,0.66,0.18,1386.1,636.6909969118016,681.3094779577373,0.4392130082636373,479.15540804785394,391.4003529837718,51.29217409252011,269.8385058308732,223.59893237357744,53.65850309263437,28.519499813050864,-5.756827562388878
52648966,12.517000,136.518286,2.328253,1158.61,1021.17,1026.69,1022.45,0.0,0.01,0.76,0.14,0.62,0.09,1387.18,636.6165088008997,681.3430474601573,0.6231656679396158,479.25743033319503,391.3398846289003,51.43946031352891,269.01831463374793,225.14233874313862,54.19547548592963,28.484770907982618,-5.296503529838887
52649066,12.618000,137.323539,1.043477,1165.07,1021.83,1025.73,1022.01,0.0,0.01,0.97,0.03,0.68,0.0,1387.48,636.7184665655759,681.3527645215167,0.7536708081218159,480.11477011466735,390.6753567913439,51.13682258690828,271.6314990409113,221.27791270690508,53.001464107159634,28.31375682397615,-5.722164854604081
52649166,12.718000,137.618978,2.735423,1161.51,1021.56,1024.7,1021.66,0.0,0.01,0.51,0.07,0.07,0.07,1387.49,636.7180864462518,681.3192666470802,0.7439136594262258,481.9313844458395,389.325273179177,50.55556489286727,275.8912550134124,217.52613926719528,52.07343698889082,28.31375682397615,-5.722164854604081
52649267,12.818000,137.322474,1.997412,1156.99,1021.44,1024.56,1021.73,0.0,0.01,0.4,0.1,0.3,0.05,1386.93,636.7424994203986,681.3027313021648,0.637791858792494,481.561489387741,389.57702999902983,50.648520679226365,276.25851824424115,216.513976189461,51.497528191830554,28.010365378241577,-6.150420212147324
52649366,12.919000,137.938683,2.867228,1157.56,1021.65,1024.46,1021.89,0.0,0.02,0.35,0.06,0.06,0.02,1386.35,636.7244927691831,681.3534727268548,0.7575956630002431,479.32356102312036,391.29234852569783,51.30992794272038,271.4713269474306,222.03924125939807,52.73563868192058,28.486358349639094,-6.128482718871716
52649467,13.018000,136.418203,2.100345,1158.73,1021.61,1024.7,1021.76,0.0,0.02,0.1,0.07,0.14,0.05,1385.72,636.6711919681643,681.3721884949645,0.561827414360911,478.57572288988786,391.8931756376809,51.70555018369891,268.7415288669678,224.5753858359123,53.38544868099694,28.64062785177616,-5.849446813364779
52649568,13.118000,136.933349,1.544387,1159.31,1021.48,1024.74,1021.64,0.0,0.02,0.11,0.09,0.02,0.07,1386.18,636.6711919681643,681.3721884949645,0.561827414360911,478.57572288988786,391.8931756376809,51.70555018369891,268.7415288669678,224.5753858359123,53.38544868099694,28.64062785177616,-5.849446813364779
52649670,13.226000,137.208375,2.041842,1159.52,1021.32,1024.57,1021.79,0.0,0.02,0.07,0.12,0.06,0.04,1385.83,636.7194786500761,681.3429735947749,0.7499810629818878,478.90643825680957,391.5749170667384,51.49030266513372,270.3744739418204,223.0306355775607,52.97560493268251,28.573528090117556,-6.093653488685611
52649768,13.322000,137.352959,2.568051,1159.64,1021.22,1024.7,1021.84,0.0,0.01,0.05,0.13,0.03,0.03,1386.9,636.7241996556853,681.3332014444926,0.7417283405792924,482.40812165805943,389.0325608503804,50.565918843183745,276.7860421216264,216.1837391743441,51.75330148416548,27.831193557129048,-5.713269833504853
52649868,13.420000,138.775344,1.336149,1159.57,1021.33,1024.69,1021.7,0.0,0.01,0.04,0.11,0.02,0.06,1387.83,636.7241996556853,681.3332014444926,0.7417283405792924,482.40812165805943,389.0325608503804,50.565918843183745,276.7860421216264,216.1837391743441,51.75330148416548,27.831193557129048,-5.713269833504853
52649969,13.520000,137.490921,1.994307,1159.18,1021.44,1024.72,1022.02,0.01,0.01,0.03,0.1,0.03,0.0,1387.82,636.7150839278873,681.3432960134604,0.735584035286197,482.65085785421024,388.8274779004817,50.432354280392126,277.7379100004434,215.0857254125845,51.41235635458529,27.77518515881349,-5.844341588942434
52650070,13.620000,137.716475,2.537256,1158.96,1021.69,1024.62,1021.8,0.01,0.01,0.09,0.05,0.13,0.04,1387.0,636.7150839278873,681.3432960134604,0.735584035286197,482.65085785421024,388.8274779004817,50.432354280392126,277.7379100004434,215.0857254125845,51.41235635458529,27.77518515881349,-5.844341588942434
52650169,13.726000,137.423429,1.824500,1158.82,1021.74,1024.68,1021.85,0.01,0.01,0.15,0.04,0.03,0.03,1386.47,636.7193318489561,681.3261064740522,0.7361886223537457,481.24200989910196,389.8194388764235,50.83825335275468,275.18795117347815,218.04540065747653,52.015926708987195,28.073573275771444,-5.962943394171738
52650269,13.823000,136.845233,2.304476,1158.75,1021.7,1024.68,1021.9,0.01,0.01,0.16,0.05,0.03,0.02,1387.05,636.6597380257575,681.3082116587672,0.7213609673412555,478.7545822309494,391.73646595878444,51.578036376789356,269.6528503389008,223.7876140725222,53.07127375548493,28.603891479960637,-5.978937127381855
52650370,13.920000,136.282755,2.115345,1158.92,1021.51,1024.76,1021.79,0.0,0.01,0.01,0.08,0.09,0.04,1387.84,636.6640522982133,681.3110004867689,0.7167947885200686,478.94923227332254,391.5785995663668,51.526481298212936,269.9763474542602,223.36381585313066,53.07650918363557,28.56150817384864,-5.955685688016921
52650469,14.023000,137.311585,2.037457,1159.21,1021.37,1024.65,1021.75,0.0,0.01,0.06,0.11,0.07,0.05,1388.53,636.7191105935658,681.3603257401281,0.753376322075094,480.02283592938153,390.7193111881085,51.16026206639157,272.27895550165283,220.76622950108344,52.56645397448552,28.33089463401885,-5.948026636972237
52650570,14.121000,137.710975,2.063152,1159.41,1021.26,1024.73,1021.74,0.01,0.01,0.1,0.13,0.09,0.05,1389.05,636.7204462616173,681.3312987590905,0.7580567738629087,481.6460675071971,389.5731653642418,50.709931928893496,275.41758533114967,217.78624628523696,52.02611839002487,27.991399410877616,-5.77686606236486
52650669,14.221000,138.028554,1.717258,1159.26,1021.39,1024.68,1021.71,0.01,0.01,0.08,0.1,0.12,0.06,1389.48,636.7087443726799,681.3433697880566,0.7136252905677667,482.61178910798327,388.8499754140931,50.433646298287684,277.66404021916856,215.21422337271667,51.42028987281168,27.782014799542146,-5.83595467652988
52650769,14.322000,137.873211,2.140171,1159.11,1021.45,1024.63,1021.88,0.01,0.01,0.1,0.09,0.11,0.02,1388.74,636.7073068008293,681.3273265501153,0.7421171732971089,482.5660305632301,388.8788369599619,50.46077951650601,277.89836765130707,215.05914289828158,51.600616331291775,27.7924385143319,-5.925381019790905
52650869,14.422000,137.486595,2.221515,1158.82,1021.57,1024.7,1021.84,0.0,0.01,0.18,0.07,0.11,0.03,1389.06,636.7143418727075,681.3433582801355,0.7363019721158729,481.7124293045092,389.523757337024,50.42142374614544,275.8635384583488,217.1673688663453,51.87579828243526,27.97530153043696,-5.889895966172304
52650969,14.522000,137.131383,1.995954,1158.68,1021.66,1024.73,1021.78,0.0,0.01,0.2,0.06,0.12,0.04,1389.56,636.6549120644388,681.3696690470966,0.625006166087117,480.1970912241855,390.5759106042659,51.155691624285126,273.0572255483207,220.0095496155329,52.4405366027386,28.28189851101651,-6.033057406534198
52651070,14.622000,136.782461,2.363279,1158.58,1021.63,1024.64,1021.7,0.0,0.01,0.22,0.06,0.1,0.06,1390.07,636.6549120644388,681.3696690470966,0.625006166087117,480.1970912241855,390.5759106042659,51.155691624285126,273.0572255483207,220.0095496155329,52.4405366027386,28.28189851101651,-6.033057406534198
52651170,14.721000,137.333595,2.105934,1158.68,1021.54,1024.65,1021.67,0.0,0.01,0.2,0.08,0.1,0.07,1390.23,636.6635617448045,681.3163018438994,0.7144950374817315,479.04113284324694,391.4861618710257,51.5255539657069,270.0870110442364,223.18693830657477,53.21102940181688,28.523176747071144,-6.062192440530012
52651269,14.821000,136.835086,2.166131,1158.98,1021.56,1024.78,1021.75,0.0,0.01,0.15,0.08,0.13,0.05,1390.54,636.6635617448045,681.3163018438994,0.7144950374817315,479.04113284324694,391.4861618710257,51.5255539657069,270.0870110442364,223.18693830657477,53.21102940181688,28.539300281932938,-5.927828977466767
52651369,14.920000,137.216410,1.841410,1159.08,1021.35,1024.72,1021.86,0.0,0.01,0.13,0.11,0.12,0.03,1390.79,636.6634121051592,681.3490970836298,0.5569622313142522,479.70412812337,390.95690791141226,51.272666465489465,271.70308240040976,221.5521578190239,52.57320855286749,28.39157388827362,-5.943959617095906
52651469,15.021000,137.562582,2.104017,1159.1,1021.23,1024.76,1021.79,0.0,0.01,0.02,0.13,0.18,0.04,1390.9,636.7218268504363,681.3487569268386,0.7566152956060634,480.97789472618837,390.01160989453274,51.00436910802733,274.2591004962391,218.86131988590157,52.19275573652525,28.128209483635114,-5.879058977680117
52651570,15.120000,137.843231,1.939810,1158.93,1021.44,1024.66,1021.77,0.0,0.01,0.05,0.1,0.16,0.05,1391.0,636.704631852917,681.3475684690719,0.7359280124453087,482.14453716156527,389.14209816403394,50.60060837443591,276.60262283126644,216.37460073114224,51.7912721976924,27.87629717581004,-5.801200703042213
52651671,15.221000,137.912697,1.889777,1158.66,1021.47,1024.64,1021.75,0.0,0.02,0.2,0.09,0.14,0.05,1391.15,636.7089363725228,681.3405719875382,0.7337356429850461,482.4556466727111,389.00628583315785,50.459535692725005,277.525441838301,215.43006962810628,51.51367031440012,27.818845775277104,-5.9023449844552545
52651771,15.322000,137.594542,2.235147,1158.53,1021.54,1024.72,1021.74,0.0,0.02,0.22,0.08,0.16,0.05,1391.21,636.7164897589997,681.3404002063602,0.7497775966832364,481.95425034708114,389.32403927122505,50.63320761037674,276.34141097113917,216.59413998951587,51.8921084696861,27.922604474394674,-5.877937469340118
52651871,15.422000,137.495231,2.060307,1158.56,1021.69,1024.64,1021.69,0.0,0.02,0.22,0.05,0.14,0.06,1391.29,636.7052717251385,681.3535102177467,0.7291200715545729,480.74979949726196,390.2161016822952,50.91563515683037,274.09340699919824,219.01663182048208,52.161408597071144,28.17690853599878,-5.9930414344438745
52651971,15.522000,136.766221,2.244963,1158.58,1021.51,1024.68,1021.8,0.0,0.02,0.15,0.08,0.12,0.04,1391.37,636.665853931502,681.3271932317069,0.6969260743767002,479.58960098224395,391.0773847182842,51.250639675456775,271.687504423095,221.4560243087257,52.667247785700496,28.421191816810776,-6.052403051535769
52652070,15.622000,136.854518,2.217289,1158.68,1021.41,1024.67,1021.84,-0.0,0.02,0.01,0.1,0.09,0.03,1391.45,636.7440123375243,681.3223206158638,0.6785487914984032,479.6010952972764,391.0603628445413,51.450982883203324,271.31285894703086,221.92232750788293,52.760628071971766,28.430365335380515,-5.938653290282453
52652171,15.721000,137.093318,1.990733,1158.94,1021.28,1024.73,1021.79,-0.0,0.02,0.03,0.12,0.1,0.04,1391.51,636.6612577864729,681.3131074165942,0.7145039529782876,480.5436348665254,390.35607079026823,50.97673082978629,273.3502163373826,219.74332602536788,52.280714573022685,28.2164896730335,-5.902616522056675
52652271,15.822000,137.901812,1.896348,1158.89,1021.32,1024.72,1021.7,-0.0,0.02,0.02,0.12,0.09,0.06,1391.2,636.6612577864729,681.3131074165942,0.7145039529782876,480.5436348665254,390.35607079026823,50.97673082978629,273.3502163373826,219.74332602536788,52.280714573022685,28.2164896730335,-5.902616522056675
52652371,15.922000,137.356427,2.060402,1158.81,1021.37,1024.74,1021.68,-0.0,0.02,0.19,0.11,0.17,0.06,1391.24,636.7086665996662,681.3442060111975,0.7511909485549082,481.67862618445594,389.5340468248436,50.63419969789273,275.67149654371974,217.45886410743518,51.961040550422375,27.980376823350934,-5.8323396629573026
52652470,16.022000,137.859257,1.910739,1158.63,1021.36,1024.66,1021.75,-0.0,0.02,0.22,0.11,0.15,0.05,1390.03,636.7304571525941,681.3573306716631,0.7480073141401711,482.2657197513007,389.115430724437,50.606107747160976,276.9531291383222,215.9712254101269,51.72541206963126,27.85873412497965,-5.859071820102301
52652570,16.122000,137.681206,2.089132,1158.39,1021.46,1024.62,1021.78,-0.0,0.02,0.25,0.09,0.14,0.04,1390.26,636.7231098394808,681.3459975626241,0.7573458866140763,482.00980280505945,389.2983058388927,50.68563382992725,276.61545879590085,216.38950476500509,51.772197597709244,27.9125655205064,-5.917083997277757
52652670,16.221000,137.481307,2.045202,1158.24,1021.58,1024.72,1021.82,-0.01,0.02,0.25,0.07,0.13,0.04,1390.42,636.7231098394808,681.3459975626241,0.7573458866140763,482.00980280505945,389.2983058388927,50.68563382992725,276.61545879590085,216.38950476500509,51.772197597709244,27.9125655205064,-5.917083997277757
52652770,16.321000,137.364066,2.171549,1158.29,1021.55,1024.68,1021.82,-0.01,0.02,0.2,0.08,0.13,0.04,1390.72,636.709994737047,681.3606907386793,0.7637681943791843,480.0406827255544,390.6736134468357,51.13009009644597,272.6945058140975,220.51512011814825,52.43031066555517,28.32298389074468,-6.019957828742193
52652870,16.422000,137.076821,2.130833,1158.64,1021.56,1024.79,1021.81,-0.01,0.02,0.14,0.08,0.15,0.04,1390.91,636.709994737047,681.3606907386793,0.7637681943791843,480.0406827255544,390.6736134468357,51.13009009644597,272.6945058140975,220.51512011814825,52.43031066555517,28.32298389074468,-6.019957828742193
52652970,16.521000,136.951119,2.217978,1158.66,1021.4,1024.74,1021.8,-0.01,0.02,0.07,0.1,0.12,0.04,1391.17,636.70971881232,681.3572764425247,0.7405093443658767,479.41878716262033,391.22770505842175,51.331761082750155,271.2326963161627,222.0244670767297,52.84428062564285,28.463905514073716,-6.030295710317219
52653071,16.623000,137.050941,2.121045,1158.67,1021.34,1024.67,1021.64,-0.01,0.02,0.07,0.11,0.11,0.07,1391.26,636.6845391236674,681.3063870740785,0.41984269730725177,480.2409280726931,390.5799602018789,51.15595735899956,272.8381655851357,220.40737952122097,52.44822519745974,28.28526338207021,-5.939176175079879
52653171,16.723000,137.688923,1.891323,1158.72,1021.32,1024.79,1021.74,-0.01,0.02,0.06,0.11,0.13,0.05,1391.31,636.7169767295985,681.3275283136153,0.7349546212568477,481.9760397730239,389.341402982153,50.663271938821815,276.3236761307887,216.6859610166957,51.85464235695056,27.921795850772366,-5.8587309006333825
52653271,16.823000,137.821319,1.897513,1158.48,1021.35,1024.85,1021.71,-0.01,0.02,0.21,0.11,0.19,0.06,1391.36,636.7218830106016,681.346936542374,0.7194132434382067,482.0017266022007,389.3329661762955,50.64404747329875,276.59199557439786,216.45413189228634,51.88006337257339,27.916351770953508,-5.917649304967512
52653371,16.924000,137.714593,2.167913,1158.32,1021.56,1024.76,1021.9,-0.01,0.02,0.23,0.07,0.17,0.02,1391.43,636.7218830106016,681.346936542374,0.7194132434382067,482.0017266022007,389.3329661762955,50.64404747329875,276.59199557439786,216.45413189228634,51.88006337257339,27.916351770953508,-5.917649304967512
52653471,17.023000,137.461195,2.065649,1158.22,1021.51,1024.62,1021.94,-0.01,0.02,0.25,0.08,0.15,0.01,1391.45,636.7267472030669,681.3460966587838,0.7528830305319336,481.3962038886565,389.76043792578827,50.729164591985196,275.34149390406475,217.68510930108195,51.92978873849448,28.044666330253712,-5.954432555083464
52653571,17.123000,137.199528,2.140660,1158.27,1021.59,1024.62,1021.79,-0.01,0.02,0.24,0.07,0.15,0.04,1391.62,636.6639891173866,681.3075741359086,0.717043507365643,480.4630825246651,390.40209868885137,51.03659750648072,273.4281412944264,219.75184500439954,52.35259757979678,28.23345430685302,-5.964242204946274
52653671,17.223000,137.034242,2.098347,1158.24,1021.47,1024.75,1021.81,-0.01,0.02,0.25,0.09,0.17,0.04,1391.72,636.6620424916478,681.3177352217137,0.7217922639422046,479.5682110437611,391.09506296096674,51.24437033639567,271.5388122523497,221.80564968790287,52.80885414444352,28.426118263352233,-5.990119052659345
52653772,17.323000,136.919931,2.139744,1158.33,1021.41,1024.67,1021.78,-0.01,0.02,0.12,0.1,0.11,0.04,1391.63,636.7208963387219,681.3554738025703,0.7430257964907399,480.0718712399594,390.65775679423433,51.14187923771872,272.4107998577151,220.75520244465778,52.574921582417566,28.319009457641123,-5.92710207293964
52653871,17.424000,137.505758,1.960036,1158.53,1021.24,1024.7,1021.69,-0.01,0.02,0.09,0.13,0.12,0.06,1391.61,636.7109979393516,681.3404191465279,0.7505326867833366,480.9381656270756,390.0748436533025,50.9641120091619,274.17870351186065,218.9248276654395,52.22592802329739,28.138483575241526,-5.894025829447337
52653971,17.528000,137.320641,2.068949,1158.53,1021.37,1024.7,1021.77,-0.01,0.02,0.17,0.11,0.15,0.05,1391.81,636.7131223464219,681.3522774461563,0.7249735222899489,481.63221057883425,389.54254860838864,50.58615547404217,275.7649770798195,217.33872529600077,51.809810281247934,27.988201025786456,-5.888209669868566
52654071,17.623000,138.021365,1.986566,1158.45,1021.4,1024.75,1021.83,-0.01,0.02,0.17,0.11,0.15,0.05,1391.72,636.7237555474192,681.3477419065852,0.7224096168059556,481.95021374807175,389.3348599715963,50.60762782098955,276.2869183818599,216.6800949871531,51.82958145266125,27.924618221021106,-5.862765235663979
52654173,17.723000,137.566898,2.003036,1158.33,1021.55,1024.7,1021.84,-0.01,0.02,0.29,0.08,0.14,0.03,1391.66,636.7382931339959,681.2922134812145,0.6367097394894942,481.54623768715976,389.6032118142507,50.832369230694155,275.6724926063058,217.45335194653154,51.939327029719614,28.015045202503572,-5.932168920786026
52654272,17.826000,137.458309,2.046491,1158.23,1021.49,1024.71,1021.78,-0.01,0.02,0.29,0.08,0.14,0.03,1391.49,636.7225267338731,681.3587139459039,0.7714317415470546,480.76507260890594,390.2017249575298,50.891681394618054,274.1128612987084,219.01910241831868,52.21829197109522,28.17560773713156,-5.988239269360314
52654372,17.924000,136.937961,2.306622,1158.23,1021.49,1024.71,1021.78,-0.01,0.02,0.23,0.09,0.14,0.04,1391.55,636.7225267338731,681.3587139459039,0.7714317415470546,480.76507260890594,390.2017249575298,50.891681394618054,274.1128612987084,219.01910241831868,52.21829197109522,28.17560773713156,-5.988239269360314
52654473,18.023000,137.370698,2.090290,1158.07,1021.6,1024.64,1021.93,-0.01,0.02,0.25,0.07,0.13,0.01,1391.68,636.664473086149,681.3069125088408,0.7409604746974802,480.0542715816561,390.7177522996213,51.12754368445881,272.5483650901862,220.63520238419,52.50882985080921,28.322015671830684,-5.983846153586626
52654572,18.124000,137.061090,2.081000,1158.21,1021.64,1024.66,1021.75,-0.01,0.01,0.23,0.06,0.13,0.05,1391.63,636.7050007495606,681.348473400102,0.7459381225046993,480.0181471000079,390.73926450636304,51.15015525641277,272.29239329732695,220.8890884649519,52.55853877825809,28.33207491749167,-5.935830748973487
52654672,18.223000,137.298222,1.986752,1158.33,1021.42,1024.68,1021.74,-0.01,0.01,0.21,0.1,0.14,0.05,1391.68,636.7050007495606,681.348473400102,0.7459381225046993,480.0181471000079,390.73926450636304,51.15015525641277,272.29239329732695,220.8890884649519,52.55853877825809,28.33207491749167,-5.935830748973487
52654772,18.324000,137.316080,2.071996,1158.36,1021.37,1024.74,1021.72,-0.01,0.01,0.21,0.11,0.15,0.06,1391.74,636.7038153398752,681.3438852135148,0.7383761273636594,480.6665586915661,390.27472307571657,50.88664277909454,273.6973023086321,219.49791074575165,52.333758571038366,28.195006590998002,-5.917120561026415
52654872,18.423000,137.610845,2.031760,1158.51,1021.29,1024.77,1021.8,-0.01,0.01,0.18,0.12,0.15,0.04,1391.77,636.7332571447763,681.3354649178499,0.6797953640384581,481.4243697985005,389.7444297781051,50.726625194597965,275.1742178276132,217.94593753205814,51.99159420906995,28.040913195617385,-5.874831279009335
52654972,18.524000,137.680611,1.978554,1158.52,1021.46,1024.72,1021.81,-0.01,0.01,0.18,0.09,0.14,0.04,1391.71,636.7202311643823,681.3455774070885,0.7324431073041595,481.5836121572925,389.59658047677794,50.552337947373836,275.7343991213213,217.28778096228058,51.855420515383244,28.001672723324127,-5.934806516234076
52655072,18.624000,137.502218,2.179857,1158.24,1021.42,1024.78,1021.85,-0.01,0.01,0.23,0.1,0.15,0.03,1391.75,636.7202311643823,681.3455774070885,0.7324431073041595,481.5836121572925,389.59658047677794,50.552337947373836,275.7343991213213,217.28778096228058,51.855420515383244,28.001672723324127,-5.934806516234076
52655172,18.724000,137.431412,2.071638,1158.05,1021.48,1024.74,1021.93,-0.01,0.01,0.26,0.09,0.14,0.01,1391.77,636.6630790199958,681.3554772341996,0.5696060504811299,480.9769599129686,390.00030030461903,50.91828126388773,274.511239742595,218.59470264941518,52.12130219213721,28.11789216357174,-5.934873272439006
52655272,18.824000,137.194475,2.071774,1157.93,1021.54,1024.72,1021.75,-0.01,0.01,0.28,0.08,0.14,0.05,1391.72,636.6630790199958,681.3554772341996,0.5696060504811299,480.9769599129686,390.00030030461903,50.91828126388773,274.511239742595,218.59470264941518,52.12130219213721,28.11789216357174,-5.934873272439006
52655373,18.924000,137.390844,2.071662,1157.98,1021.47,1024.85,1021.78,-0.01,0.01,0.28,0.09,0.16,0.04,1391.74,636.7167276625786,681.3559667291685,0.7553800981860266,480.2628598916372,390.49752734588367,51.02505972911312,273.17615074507773,220.05138727878162,52.31204203075539,28.27597793960062,-6.008608958662151
52655474,19.024000,137.069982,2.221321,1158.25,1021.38,1024.66,1021.73,-0.01,0.01,0.23,0.11,0.13,0.05,1391.74,636.6734229698527,681.3714161183591,0.5717225546238248,480.04073703372364,390.7010303630346,51.16334549928283,272.3449680691524,220.85252462448352,52.52224052410233,28.318763349182728,-5.912984721751613
52655575,19.125000,137.245342,1.895537,1158.37,1021.4,1024.69,1021.68,-0.01,0.01,0.21,0.1,0.13,0.06,1391.75,636.712611976254,681.390130920145,0.581508390783387,480.4976048391903,390.3986526029796,50.97649473205541,273.38496387597894,219.8061992603027,52.298522096721655,28.22855138816097,-5.9343595663825255
52655674,19.226000,137.512723,2.109513,1158.39,1021.31,1024.76,1021.77,-0.01,0.01,0.21,0.12,0.15,0.05,1391.77,636.7258502329626,681.3543077191166,0.72453555348664,481.5856710261892,389.60258710263275,50.629292607391896,275.6594079701903,217.49345429211542,52.01076086490509,28.087716133705396,-5.892208259846932
52655774,19.327000,137.611094,1.982535,1158.3,1021.43,1024.77,1021.91,-0.01,0.01,0.16,0.1,0.17,0.02,1391.84,636.7188035433006,681.3453204122187,0.7402631797026966,481.5821969675503,389.59882672236796,50.73861108905216,275.72028616964883,217.32676648620603,51.875496172187646,28.001874608781343,-5.927457451497602
52655874,19.426000,137.605649,2.153316,1158.11,1021.37,1024.76,1021.78,-0.01,0.01,0.19,0.11,0.17,0.04,1391.82,636.7101459649303,681.3443714208603,0.7378707703960254,481.1966057022831,389.87265627830254,50.854062102914625,274.9164965946188,218.1918600170508,51.97885500758973,28.08196841135233,-5.933541837860695
52655974,19.528000,137.281538,2.080453,1158.05,1021.53,1024.64,1021.73,-0.01,0.01,0.27,0.08,0.13,0.05,1391.85,636.7163861253487,681.3666864799478,0.7574947932753607,480.5670413259503,390.36351996896724,50.91076337536018,273.6774738639071,219.50439501040364,52.359355836585536,28.217555238106478,-5.986605020680578
52656074,19.626000,137.068639,2.202202,1157.92,1021.47,1024.74,1021.79,-0.01,0.01,0.29,0.09,0.15,0.04,1391.84,636.7222341111245,681.3544636589239,0.7512430624904113,480.1064166183225,390.6629571230307,51.14191068525453,272.69854684417925,220.5302265478145,52.46526866089107,28.31444810414958,-5.990273758001159
52656174,19.726000,137.151812,2.097453,1158.01,1021.51,1024.75,1021.86,-0.01,0.01,0.27,0.08,0.15,0.03,1391.83,636.702884227782,681.3517373339745,0.7454879547539772,480.08722789017787,390.72366590723726,51.247648832332715,272.5091335441783,220.75533629113545,52.64072765262597,28.319645221759824,-5.950466824304968
52656274,19.827000,137.311391,2.007954,1158.09,1021.41,1024.81,1021.75,-0.01,0.01,0.17,0.1,0.12,0.05,1391.88,636.7211969796399,681.3580511673684,0.7167609380995846,480.4145156988143,390.45543962519315,51.04355296105987,273.1671580718466,220.03714162329777,52.417722582687254,28.249857831503647,-5.929977980864521
52656375,19.927000,137.459843,2.036171,1158.2,1021.37,1024.75,1021.83,-0.01,0.01,0.15,0.11,0.11,0.03,1391.98,636.6457145634294,681.3125970358019,0.7111668178028796,480.9495913420553,390.04586135478587,50.91070708669271,274.3248872775939,218.8189122904897,52.08661499313932,28.126653822838726,-5.901366376058121
52656474,20.028000,137.611744,2.007956,1158.17,1021.33,1024.7,1021.82,-0.0,0.02,0.15,0.11,0.1,0.04,1391.89,636.7110150617253,681.3427381457806,0.7566230694130089,481.44758898228235,389.68573103268665,50.8108369509606,275.27522760127636,217.76248740903762,51.876200223030736,28.028577237574396,-5.881244039076556
52656575,20.129000,137.595391,2.017371,1158.11,1021.39,1024.83,1021.8,-0.0,0.02,0.23,0.1,0.16,0.04,1391.96,636.7192980472831,681.3532468555348,0.7127476122364463,481.5792041718965,389.6172998291532,50.69008957366825,275.6871134368236,217.48032977892183,52.05828831271131,28.00326715149257,-5.903989231128726
52656682,20.228000,137.422021,2.052941,1158.18,1021.45,1024.78,1021.75,-0.0,0.02,0.22,0.09,0.15,0.05,1391.94,636.7192980472831,681.3532468555348,0.7127476122364463,481.5792041718965,389.6172998291532,50.69008957366825,275.6871134368236,217.48032977892183,52.05828831271131,28.00326715149257,-5.903989231128726
52656781,20.333000,137.422021,2.052941,1157.87,1021.45,1024.69,1021.76,-0.0,0.02,0.27,0.09,0.13,0.05,1391.91,636.685894814644,681.338364841265,0.6898687438615548,481.2744136674785,389.81473466083344,50.76703895292958,275.1431159116546,217.9701589442504,52.05942111893628,28.062113321374373,-5.94103173774743
52656881,20.433000,137.422021,2.052941,1157.98,1021.44,1024.76,1021.77,-0.0,0.02,0.25,0.1,0.15,0.05,1391.94,636.7414279762689,681.3369559983223,0.638538511892851,480.3024565220368,390.52084598052693,51.083784924061554,273.11521422285034,220.07705293129575,52.371264181719845,28.277180928051617,-5.996983833976451
52656982,20.533000,137.422021,2.052941,1157.85,1021.55,1024.69,1021.75,0.0,0.02,0.27,0.08,0.13,0.05,1391.95,636.6593780663399,681.3161924120516,0.701186246798977,480.1591016780893,390.644866059099,51.1211130154251,272.6971953738631,220.4625048362822,52.4259717766144,28.298455444820306,-5.959164322377767
52657081,20.634000,137.422021,2.052941,1157.94,1021.39,1024.64,1021.92,0.0,0.02,0.25,0.1,0.12,0.02,1391.79,636.7478466608156,681.3954914850872,0.6992421917116316,480.35304383096724,390.5188021921401,51.04494700385401,273.1015769500156,220.08531619178143,52.41390036074808,28.265453658367203,-5.963117271037476
52657182,20.733000,137.422021,2.052941,1158.06,1021.35,1024.71,1021.84,0.0,0.01,0.23,0.11,0.13,0.03,1391.88,636.7112537130391,681.3519917809969,0.7707343475745566,480.8287767302556,390.1752315584722,50.95734195948537,274.0166633349721,219.13275171072445,52.18131823392561,28.162522630867333,-5.917251491431891
52657281,20.832000,137.422021,2.052941,1158.08,1021.37,1024.68,1021.83,0.0,0.01,0.23,0.11,0.13,0.03,1391.93,636.7243060116409,681.346664029449,0.7471601357356531,481.26882328115994,389.8323030684683,50.80982793427316,274.99180399096156,218.12836185327686,52.14218602928652,28.069603490555377,-5.913031720328007
52657381,20.932000,137.422021,2.052941,1158.04,1021.36,1024.77,1021.81,0.0,0.01,0.23,0.11,0.14,0.04,1391.84,636.7243060116409,681.346664029449,0.7471601357356531,481.26882328115994,389.8323030684683,50.80982793427316,274.99180399096156,218.12836185327686,52.14218602928652,28.069603490555377,-5.913031720328007
52657481,21.032000,137.422021,2.052941,1157.93,1021.34,1024.83,1021.78,0.0,0.02,0.25,0.11,0.15,0.04,1391.84,636.7243060116409,681.346664029449,0.7471601357356531,481.26882328115994,389.8323030684683,50.80982793427316,274.99180399096156,218.12836185327686,52.14218602928652,28.069603490555377,-5.913031720328007
