ezloophw-py logger started on:,2026-2-11_122540
ctrl_params:,{'n_inputs': 2, 'bidirectional': True, 'u_offset': array([1022., 1022., 1022., 1022.]), 'u_max': 1350.0, 'cmd_separator': ',', 'cmd_bookends': ('<', '>')}
Timestamp (millisec since midnight today),Test time,u_t(0),u_t(1),MPRpressure_0,MPRpressure_1,MPRpressure_2,MPRpressure_3,ForcePlate_0,ForcePlate_1,ValveOpening_0,ValveOpening_1,ValveOpening_2,ValveOpening_3,RPRpressure_0,tagid_x_102,tagid_y_102,tagid_rotation102,tagid_x_103,tagid_y_103,tagid_rotation103,tagid_x_104,tagid_y_104,tagid_rotation104,theta_0,theta_1
44744104,0.000000,0.000000,0.000000,1001.98,1002.3,1003.53,1004.49,0.0,0.0,1.0,1.0,1.0,1.0,1384.06,0.0,0.0,0.0,0.0,0.0,0.0,0.0,0.0,0.0,0.0,0.0
44744204,0.000000,0.000000,0.000000,1013.66,1015.45,1016.72,1019.23,0.0,0.0,0.62,0.93,1.0,1.0,1381.02,0.0,0.0,0.0,0.0,0.0,0.0,0.0,0.0,0.0,0.0,0.0
44744304,0.100000,0.000000,0.000000,1016.43,1016.27,1016.47,1017.09,0.0,0.0,0.95,0.98,1.0,0.98,1375.02,0.0,0.0,0.0,0.0,0.0,0.0,0.0,0.0,0.0,0.0,0.0
44744403,0.200000,0.000000,0.000000,1026.33,1028.07,1028.42,1030.98,0.0,0.0,0.73,1.0,1.0,1.0,1373.3,0.0,0.0,0.0,0.0,0.0,0.0,0.0,0.0,0.0,0.0,0.0
44744503,0.299000,0.000000,0.000000,1027.92,1027.56,1026.96,1027.48,0.0,0.0,1.0,0.95,0.99,1.0,1375.04,0.0,0.0,0.0,0.0,0.0,0.0,0.0,0.0,0.0,0.0,0.0
44744604,0.399000,0.000000,0.000000,1023.52,1023.46,1023.07,1023.63,0.0,0.0,0.26,0.25,0.22,0.33,1376.81,645.3465602140859,677.0641401805,-0.6783084899535279,654.4079633856422,334.6178687894439,-1.670718824675231,673.255939143165,57.308500483889226,-5.594904879799995,-1.5157386144282374,-0.8567836065353371
44744703,0.502000,0.000000,0.000000,1022.57,1022.73,1022.51,1023.33,0.0,0.0,0.1,0.13,0.1,0.27,1378.43,645.3833993097539,677.1091277604222,-0.6888425714539618,654.1325325393673,334.7044796213078,-1.6540187547218628,672.1257443408338,56.782873674764765,-5.516050316811197,-1.463704876095077,-0.7768661539874571
44744803,0.603000,0.000000,0.000000,1022.64,1022.8,1022.64,1023.28,0.0,0.0,0.11,0.14,0.13,0.26,1380.06,645.3762364598455,677.0845169103446,-0.7172594350380415,653.7629816504995,334.5346421563093,-1.4799737735867646,671.695457440674,57.26077654955011,-5.582836150502047,-1.4025085376010524,-0.8953902078041289
44744903,0.700000,0.000000,0.000000,1022.5,1022.71,1022.64,1023.43,0.0,0.0,0.09,0.12,0.13,0.29,1381.62,645.4367498355942,677.0962015778188,-0.7452151022873239,653.7056714658246,334.6237361587284,-1.492835553024045,671.4767135903487,56.81512304458672,-5.4490867936071234,-1.3831251417408292,-0.893896431140424
44745004,0.800000,0.000000,0.000000,1022.57,1022.7,1022.59,1023.22,0.0,0.0,0.1,0.12,0.12,0.25,1383.28,645.3611324957557,677.0593275208354,-0.6829139265810794,654.142943453776,334.635712321794,-1.6154202769275694,671.8898342700907,57.14847636380384,-5.376364340707097,-1.4690880321406692,-0.7212317373038948
44745103,0.901000,0.000000,0.000000,1022.66,1022.7,1022.62,1023.29,0.0,0.0,0.11,0.12,0.13,0.26,1384.63,645.3819616056167,677.1193823136306,-0.6901517782833015,654.3555371392465,334.778834955276,-1.529490935278048,672.8869869982377,56.89252274222374,-5.706827972328669,-1.5015174281559638,-0.8122091460448022
44745203,1.000000,0.000000,0.000000,1022.66,1022.62,1022.43,1023.28,0.0,0.0,0.11,0.11,0.09,0.26,1385.83,645.3663719948407,677.0755517816356,-0.705442443635042,654.6994742216888,334.65205116856816,-1.4979148837146083,673.7363006048602,57.240137069130604,-5.74194014819275,-1.5612684461878488,-0.8031146412071708
44745303,1.100000,0.000000,0.000000,1022.57,1022.73,1022.56,1023.32,0.0,0.0,0.1,0.13,0.12,0.27,1386.59,645.393475685823,677.1198149319445,-0.6683817258088898,654.9477059286264,334.8030549748448,-1.6936762360777928,674.1662303314806,57.030291255617904,-5.692890521164212,-1.598738521278722,-0.7603923656982716
44745403,1.201000,0.000000,0.000000,1022.6,1022.71,1022.6,1023.27,0.0,0.0,0.11,0.13,0.12,0.26,1386.59,645.3730451537576,677.0620819601852,-0.7211301863941993,654.8688642205011,334.72194521155194,-1.7217329203291998,674.3179161601615,57.210201065958714,-5.839460854216783,-1.5888609794040383,-0.8312236615143247
44745504,1.300000,0.000000,0.000000,1022.55,1022.7,1022.58,1023.31,0.0,0.0,0.1,0.13,0.12,0.27,1388.08,645.3756462822997,677.1301137710291,-0.7382030647518536,654.6100745635232,334.7558545379822,-1.656921781435986,673.6755265793344,57.04145741232408,-5.757552020150648,-1.5449920888758415,-0.8372830786438739
44745603,1.401000,0.000000,0.000000,1022.48,1022.75,1022.41,1023.34,0.0,0.0,0.09,0.13,0.09,0.28,1388.08,645.3829980837934,677.0609358599448,-0.6626153923949745,654.3545856472654,334.647191432351,-1.4474266503936757,672.676399948059,57.034268688418656,-5.532856972517043,-1.5008641818305173,-0.7741853938523522
44745703,1.499000,0.000000,0.000000,1022.54,1022.66,1022.56,1023.36,0.0,0.0,0.1,0.12,0.12,0.28,1388.61,645.00295844273,676.7725218068808,-0.697733022712048,653.6951638897986,334.3840963305574,-1.6760123811212246,671.9204541698659,56.959188292914334,-5.5668741185665,-1.4542539952367484,-0.8501086304359813
44745803,1.600000,0.000000,0.000000,1022.47,1022.71,1022.39,1023.26,0.0,0.0,0.08,0.13,0.08,0.26,1389.12,644.6442412687004,676.6083767584585,-0.48242018561298017,653.0240980382197,333.1089604857839,-1.3876366191837683,670.9781416006874,54.59191892682605,-5.6399444973824435,-1.397484794302829,-0.893384836204667
44745904,1.701000,0.000000,0.000000,1022.55,1022.6,1022.45,1023.23,-0.0,-0.0,0.1,0.11,0.09,0.26,1389.33,644.6483259983487,676.6424755742825,-0.5093016823790588,653.2560176110636,333.1174036150472,-1.509035772741314,671.0429346933811,54.65616529369451,-5.598430330498383,-1.4353573128984494,-0.7841302446576939
44746003,1.802000,0.000000,0.000000,1022.58,1022.55,1022.5,1023.22,-0.0,-0.0,0.1,0.1,0.1,0.25,1389.56,644.6924745165385,678.093683985442,-0.45678134664553777,653.4588097253173,332.89494948372527,-1.61718912898389,671.8246699336854,53.19101357542985,-6.049190682235888,-1.4547158703763896,-0.8473186727326745
44746103,1.899000,0.000000,0.000000,1022.52,1022.63,1022.54,1023.28,-0.0,-0.01,0.09,0.11,0.11,0.27,1389.64,644.7178813989633,678.083350862469,-0.4934531913491111,653.7987844672742,333.03126398779654,-1.6217265102137428,672.4971775686449,53.53447868208379,-6.511484544173193,-1.5075328293760784,-0.8123306998185895
44746203,1.999000,0.000000,0.000000,1022.47,1022.47,1022.38,1023.34,-0.0,-0.01,0.09,0.09,0.08,0.28,1389.85,644.6753371486805,678.9152688844156,-0.272532603601884,653.7987844672742,333.03126398779654,-1.6217265102137428,672.4971775686449,53.53447868208379,-6.511484544173193,-1.5075328293760784,-0.8123306998185895
44746303,2.100000,0.000000,0.000000,1022.5,1022.63,1022.5,1023.2,-0.0,-0.01,0.09,0.12,0.1,0.25,1390.01,644.6685781391803,678.900552931463,-0.32980074606750104,653.7987844672742,333.03126398779654,-1.6217265102137428,672.4971775686449,53.53447868208379,-6.511484544173193,-1.5075328293760784,-0.8123306998185895
44746403,2.200000,0.000000,0.000000,1022.45,1022.55,1022.43,1023.26,-0.0,-0.01,0.08,0.1,0.09,0.26,1390.05,644.6030591554365,678.9246079231232,-0.26502690668304363,653.7987844672742,333.03126398779654,-1.6217265102137428,672.4971775686449,53.53447868208379,-6.511484544173193,-1.5075328293760784,-0.8123306998185895
44746503,2.300000,0.000000,0.000000,1022.43,1022.58,1022.46,1023.22,-0.0,-0.01,0.08,0.11,0.1,0.26,1390.19,644.7392751945134,677.8218093457251,-0.572151856842432,653.8340714946814,333.0213175814726,-1.6589203292879888,672.5964413556657,53.69163868246293,-6.121337313230742,-1.5109393895377647,-0.8208645704802433
44746603,2.400000,0.000000,0.000000,1022.39,1022.61,1022.46,1023.15,-0.0,-0.01,0.07,0.11,0.1,0.24,1390.24,644.6716894792102,677.457694574301,-0.5434203931287614,653.4972447140697,333.04180882297186,-1.6580385139702472,671.757920282591,53.76912013368001,-6.024271848586948,-1.467866185496708,-0.8053151329534862
44746703,2.502000,0.000000,0.000000,1022.41,1022.69,1022.47,1023.12,-0.0,-0.01,0.08,0.13,0.1,0.24,1390.26,644.5493159295219,677.0291070745376,-0.604513951065804,653.1761769141577,333.0689292221468,-1.58351670506474,671.2792016984527,54.304583072455316,-5.8521648350708615,-1.4367335289328331,-0.8421175660229068
44746803,2.600000,0.000000,0.000000,1022.45,1022.63,1022.39,1023.21,-0.01,-0.01,0.08,0.12,0.08,0.25,1390.19,644.6441188250034,676.6444711975411,-0.49044382147568516,653.1821331150771,333.1671559240141,-1.5719246568460232,671.0730923522111,54.504739206494364,-5.666111628619553,-1.4239410950287688,-0.8256360329752512
44746904,2.700000,0.000000,0.000000,1022.49,1022.58,1022.44,1023.17,-0.01,-0.01,0.09,0.11,0.09,0.25,1390.37,644.6279916310959,676.3066374528792,-0.5985467005579005,653.4106162370869,333.1722666033284,-1.6705672253310653,671.4746573753258,55.02303903649383,-5.539972961997751,-1.4661821198668057,-0.7834177762634975
44747004,2.801000,0.000000,0.000000,1022.39,1022.54,1022.37,1023.17,-0.0,-0.01,0.07,0.1,0.08,0.25,1390.36,644.7411207797774,676.1782214368703,-0.7875271286238062,653.6833811005334,333.3079393863998,-1.6823813631927234,672.2654299511346,55.311292970291994,-5.610858614978893,-1.493969243369563,-0.8361780641660168
44747104,2.901000,0.000000,0.000000,1022.37,1022.6,1022.39,1023.14,-0.0,-0.01,0.07,0.11,0.08,0.24,1390.52,644.7467531127031,676.3709219643903,-0.647965613243208,654.0721655525077,333.6313172095056,-1.7920684383899532,672.9291941694087,55.854001387316835,-5.826501741728715,-1.5585446709751956,-0.7665000447865071
44747204,3.001000,0.000000,0.000000,1022.41,1022.54,1022.34,1023.12,-0.01,-0.01,0.08,0.1,0.07,0.24,1390.5,644.8055989538219,676.5970345879414,-0.6638510405221234,654.2638851573755,334.0302272744783,-1.8322566200905728,673.4481920016647,56.21947413684205,-5.717413753530366,-1.5815374629466523,-0.7872314924585457
44747303,3.101000,0.000000,0.000000,1022.42,1022.64,1022.46,1023.17,-0.01,-0.01,0.08,0.12,0.1,0.25,1390.53,644.9495068861266,676.8698124673564,-0.7014328467687159,654.3438864656019,334.3593240671716,-1.8818699411070219,673.4959027125439,56.75388340351311,-5.804154006445812,-1.5711150570112835,-0.8043557017336269
44747404,3.201000,0.000000,0.000000,1022.37,1022.62,1022.46,1023.13,-0.01,-0.01,0.07,0.12,0.1,0.24,1390.5,645.3305003162033,676.9780792620793,-0.7921020067443418,654.4397557281914,334.62599132313625,-1.696082228231424,673.3365265970979,56.88408356436123,-5.783785513784055,-1.524158287747466,-0.8439271864553093
44747504,3.301000,0.000000,0.000000,1022.41,1022.6,1022.44,1023.23,-0.01,-0.01,0.08,0.11,0.09,0.26,1390.49,645.3689001355641,676.9422259220905,-0.8058895538114214,654.1648120795799,334.50764329266974,-1.655644188449209,672.6687373883024,56.99317681613609,-5.6476845432330895,-1.4713988094563242,-0.8718858142399935
44747604,3.401000,0.000000,0.000000,1022.46,1022.65,1022.36,1023.25,-0.01,-0.0,0.09,0.12,0.08,0.27,1390.48,645.4049771168225,676.9969201906823,-0.7943182369661705,654.0146685151145,334.54657395676094,-1.6115027001179862,672.0038583963116,56.889165869895926,-5.528917141788974,-1.4401944344902837,-0.8265754490616026
44747705,3.502000,0.000000,0.000000,1022.43,1022.61,1022.42,1023.24,-0.01,-0.01,0.08,0.12,0.09,0.26,1390.57,645.3277883480988,676.9713061497408,-0.7168975483794622,653.9254452354663,334.541673189768,-1.582027479216514,671.7311288125977,56.950333156658026,-5.516492779784647,-1.4382691539916614,-0.7935863080006582
44747805,3.602000,0.000000,0.000000,1022.44,1022.65,1022.42,1023.15,-0.01,-0.01,0.08,0.12,0.09,0.25,1390.65,645.3527922845445,676.9820911909325,-0.8058039858689457,653.9060346988342,334.5807341660795,-1.5957780061939058,671.967911464733,56.89870370603993,-5.5689669725255895,-1.4309604349354834,-0.8596506456630717
44747905,3.702000,0.000000,0.000000,1022.49,1022.63,1022.35,1023.09,-0.01,-0.01,0.09,0.12,0.08,0.24,1390.43,645.3658210008558,676.9732368521945,-0.7577905801824002,654.1488339602186,334.5067588482106,-1.6526484881031105,672.3931888887938,56.947107107939004,-5.559768008053824,-1.4691052095824,-0.8225053192904173
44748004,3.803000,0.000000,0.000000,1022.48,1022.51,1022.43,1023.2,-0.01,-0.01,0.09,0.1,0.09,0.26,1390.48,645.411272166491,676.9903625847196,-0.809853588551307,654.5132479581868,334.66296668915777,-1.6843585354548474,673.077537180832,56.934291768235596,-5.728555446618869,-1.5230506352325242,-0.7780465629602391
44748104,3.902000,0.000000,0.000000,1022.53,1022.56,1022.37,1023.23,-0.01,-0.01,0.1,0.11,0.08,0.26,1390.63,645.3428681427986,676.9559714724146,-0.7898870171474474,654.6633884490382,334.645984683847,-1.7493648146944911,673.6942201968106,57.02875720056761,-5.798622367694299,-1.55968152673398,-0.8021629008531734
44748204,4.002000,0.000000,0.000000,1022.44,1022.55,1022.37,1023.09,-0.01,-0.01,0.08,0.11,0.08,0.24,1390.64,645.3915258043784,676.9940672854854,-0.7557308584471559,654.7333580813191,334.65643486455195,-1.7899891326977884,673.8543114598663,57.01467933125141,-5.756821803504621,-1.5631198935245145,-0.813451449516791
44748304,4.102000,0.000000,0.000000,1022.38,1022.59,1022.42,1023.15,-0.01,-0.01,0.07,0.11,0.09,0.25,1390.52,645.3464761436495,676.946947213294,-0.8230171228957531,654.5872714994491,334.65950792977236,-1.7028923490654377,673.5814439678895,56.96509563206744,-5.774078371542831,-1.5464487946432424,-0.8200132821652693
44748405,4.202000,0.000000,0.000000,1022.45,1022.65,1022.44,1023.24,-0.01,-0.01,0.09,0.12,0.09,0.27,1390.67,645.4059881095473,676.9966502093348,-0.8006911845690612,654.3555778771163,334.6418064203112,-1.5326219556611345,673.0790665189086,56.948023598750474,-5.708938665547124,-1.4974432966235234,-0.8624400895695512
44748504,4.303000,0.000000,0.000000,1022.28,1022.58,1022.45,1023.1,-0.01,-0.01,0.06,0.11,0.1,0.24,1390.76,645.3411329843468,676.9605186327545,-0.8208017525384187,654.1206525258394,334.56535050231963,-1.6880128623975716,672.3628433110832,56.89972898163608,-5.562822770733556,-1.4688268448144375,-0.8211862582219136
44748604,4.402000,0.000000,0.000000,1022.35,1022.57,1022.46,1023.28,-0.0,-0.01,0.07,0.11,0.1,0.27,1390.51,645.3444091948061,676.9643258669745,-0.7907376186302885,653.9606754698556,334.56489289822395,-1.5876096069819698,671.9730158366799,56.91517613138772,-5.492091586362691,-1.4415080131333329,-0.8288080304927719
44748705,4.502000,0.000000,0.000000,1022.43,1022.52,1022.45,1023.18,-0.01,-0.01,0.08,0.1,0.1,0.26,1390.66,645.3505222051444,676.9830503024143,-0.8158758039958401,653.9325285581349,334.5503052654293,-1.596066252607644,671.928400844409,56.87649666005899,-5.600825325372536,-1.4356390906863679,-0.836840894927187
44748805,4.602000,0.000000,0.000000,1022.44,1022.52,1022.38,1023.23,-0.01,-0.01,0.09,0.1,0.08,0.27,1390.71,645.3942622191076,676.9639664280693,-0.8138234147519581,654.1005378713918,334.52910081043063,-1.7150774027777191,672.2509839991251,56.943825395163884,-5.546870308690425,-1.4564095487411657,-0.8282499210916447
44748906,4.702000,0.000000,0.000000,1022.43,1022.51,1022.46,1023.17,-0.0,-0.01,0.08,0.1,0.1,0.25,1390.6,645.3996329605845,677.0136003641197,-0.7579795782411325,654.4074795980248,334.64461379773996,-1.6688182060029726,672.6795822034159,56.92094056562949,-5.62434920976612,-1.5071241101170425,-0.7499526851454439
44749005,4.802000,0.000000,0.000000,1022.4,1022.59,1022.45,1023.27,-0.0,-0.01,0.08,0.12,0.1,0.28,1390.68,645.3720160397822,676.9392182280187,-0.8309641302878215,654.5858332194337,334.6507195029565,-1.678952749444251,673.379699738161,56.996058959107465,-5.730206846142582,-1.5419314044380024,-0.788462667488826
44749105,4.902000,0.000000,0.000000,1022.44,1022.51,1022.4,1023.25,-0.0,-0.01,0.09,0.1,0.09,0.27,1390.47,645.3516851813564,676.9659514498833,-0.79891201110043,654.6215307638121,334.64480830315074,-1.7401838366533384,673.6891077402265,56.99716915796716,-5.787727954692099,-1.5511553212398603,-0.8263343873573064
44749205,5.003000,0.000000,0.000000,1022.48,1022.51,1022.31,1023.24,-0.0,-0.01,0.09,0.1,0.07,0.27,1390.6,645.3559434041401,676.9707734989865,-0.8135214938978973,654.670489251118,334.65548735580643,-1.726025830103364,673.62219561123,56.998826040912085,-5.726709425605658,-1.5586581453276616,-0.7874025811758614
44749306,5.103000,0.000000,0.000000,1022.38,1022.54,1022.41,1023.19,-0.0,-0.01,0.08,0.11,0.09,0.26,1390.66,645.353523585093,676.9815612729669,-0.8112068613746497,654.5162510990477,334.66613024705555,-1.6901984200551996,673.3244835887596,56.963146444559875,-5.7586954568839355,-1.5332650627839013,-0.8080740433071947
44749406,5.202000,0.000000,0.000000,1022.35,1022.5,1022.35,1023.11,0.0,-0.01,0.07,0.1,0.08,0.24,1390.64,645.3355061154823,676.9703742962661,-0.7894661679303954,654.2054820272167,334.51017103913574,-1.6891213102942095,672.745646383831,56.96932566097437,-5.640475983786575,-1.4836719142804107,-0.8544261576301331
44749505,5.303000,0.000000,0.000000,1022.39,1022.5,1022.4,1023.1,0.0,-0.01,0.08,0.1,0.09,0.24,1390.54,645.3453981493244,676.9583642754683,-0.8127731568430648,654.0634320980256,334.554740639763,-1.6490314350017623,672.1667733446468,56.917964695500714,-5.609537976220137,-1.4585086690676947,-0.8136799460241506
44749605,5.403000,0.000000,0.000000,1022.44,1022.66,1022.39,1023.17,0.0,-0.01,0.09,0.13,0.09,0.26,1390.5,645.3851574020175,676.9363053629071,-0.9370446083272568,653.972851656324,334.56650808552183,-1.594164007816959,671.9469477057601,56.941405875658795,-5.512854399605305,-1.436854210717191,-0.8305840298380285
44749705,5.504000,0.000000,0.000000,1022.43,1022.49,1022.45,1023.12,0.0,-0.01,0.09,0.1,0.1,0.25,1390.68,645.3516309458104,676.963443554263,-0.7977296075714986,653.9775140319813,334.56038536674487,-1.6080638280008193,672.0757731762951,56.8999666755265,-5.509835816737923,-1.4431009604469835,-0.843134327888809
44749805,5.602000,0.000000,0.000000,1022.43,1022.48,1022.38,1023.18,0.0,-0.0,0.09,0.1,0.08,0.26,1390.64,645.3375137099965,676.9632307781535,-0.8671934429498934,654.1755769844,334.51616386022505,-1.6349316718522164,672.4256699571471,56.93018133719944,-5.57060730222757,-1.4783929768558726,-0.8047533591628824
44749905,5.702000,0.000000,0.000000,1022.4,1022.5,1022.33,1023.15,0.0,-0.0,0.08,0.1,0.07,0.25,1390.66,645.3925480506665,676.948121602785,-0.8076073049932241,654.4377831856981,334.6642624894288,-1.647223016754127,673.0462116833954,56.93433263052543,-5.682539054347672,-1.513752973035161,-0.8056900063667154
44750005,5.802000,0.000000,0.000000,1022.37,1022.48,1022.32,1023.15,0.0,-0.0,0.08,0.1,0.07,0.25,1390.61,645.3924630454077,676.9784810207084,-0.7584329811837774,654.5918545483161,334.63560548783005,-1.70967250299383,673.5278473717717,57.031675548680454,-5.818304050749191,-1.5392740163058316,-0.8236821060695094
44750106,5.902000,0.000000,0.000000,1022.45,1022.48,1022.41,1023.07,0.0,-0.0,0.09,0.1,0.09,0.24,1390.58,645.341909180191,676.9625250127592,-0.8055453430255248,654.6576227219135,334.6476970840454,-1.7541355331149964,673.6530386640201,57.00713620260389,-5.793108693334909,-1.5588555318170143,-0.796211817391383
44750207,6.003000,0.000000,0.000000,1022.3,1022.49,1022.3,1023.08,0.01,-0.0,0.06,0.1,0.07,0.24,1390.58,645.3669020865555,676.9535655579292,-0.8248659595863651,654.5511421503464,334.6608974672267,-1.6750088494069741,673.4951718951094,57.02372784211241,-5.809306592882048,-1.5369653424621126,-0.8294845990267996
44750306,6.104000,0.000000,0.000000,1022.4,1022.52,1022.33,1023.09,0.0,-0.0,0.08,0.11,0.07,0.24,1390.66,645.3478229685393,676.9510899413231,-0.8298214603903284,654.3307462236331,334.5068724536469,-1.7242342262960857,673.0263193603427,56.93784958736261,-5.654199881980699,-1.5026260052247051,-0.8480669470112843
44750407,6.202000,0.000000,0.000000,1022.39,1022.54,1022.37,1023.17,0.01,-0.0,0.08,0.11,0.08,0.26,1390.74,645.3371840909232,676.9787044246178,-0.8008088693434239,653.9782446807284,334.58211560735805,-1.5614187365368393,672.2385559266405,56.92827433236895,-5.573220888428791,-1.4456663667704228,-0.8713894304325658
44750507,6.304000,0.000000,0.000000,1022.34,1022.5,1022.32,1023.17,0.01,-0.0,0.07,0.1,0.07,0.26,1390.71,645.3968434972218,677.0012364417043,-0.7965951480567257,653.77781784989,334.46716495259693,-1.5285130750430826,671.5909631356812,56.904118061914126,-5.506834238933544,-1.4016085064398283,-0.8688146546431992
44750607,6.404000,0.000000,0.000000,1022.3,1022.54,1022.54,1023.12,0.01,-0.0,0.07,0.11,0.12,0.25,1390.59,645.369279396117,677.0412878933441,-0.9233462660020757,654.1980843230431,334.7142553110236,-1.7135373052135932,672.6346498427495,56.97399249255759,-5.517653143669239,-1.4773625816331994,-0.8430315200955638
44750707,6.504000,0.000000,0.000000,1022.44,1022.46,1022.37,1023.27,0.01,0.0,0.09,0.1,0.08,0.28,1390.74,645.3643336689704,677.0795192574378,-0.7292994574527976,654.9027692585267,334.5585075263556,-1.5615823205339565,672.3096243636181,56.80639736852433,-5.46609924014332,-1.5951456309975023,-0.39577217907903917
44750807,6.605000,0.000000,0.000000,1022.43,1022.44,1022.2,1023.25,0.01,0.0,0.09,0.1,0.05,0.28,1390.89,645.3184275014278,676.9241902204152,-0.7976483244675696,654.4138608199877,334.59318202803604,-1.424061782781638,673.2365662127135,56.95940887808767,-6.045066814652269,-1.5219403338351951,-0.8346595924152753
44750908,6.704000,0.000000,0.000000,1022.35,1022.45,1022.48,1023.03,0.01,0.0,0.08,0.1,0.11,0.23,1390.77,645.3532414958964,676.9804974258071,-0.8129972392148873,653.8163145055564,334.45158349314397,-1.6636977819094994,674.3344302639614,57.13189575452734,-6.308907958323029,-1.4153541794545017,-1.4007378115822977
44751009,6.806000,0.000000,0.000000,1022.31,1022.51,1022.39,1023.04,0.01,0.0,0.07,0.11,0.09,0.24,1390.63,645.3208099509028,676.8750437731055,-0.8856606747911593,655.0341868698479,334.56065031841143,-1.3422491775423535,672.4570359125177,56.90285670949968,-5.236282211638971,-1.6253660832958061,-0.3398337102653768
44751109,6.907000,0.000000,0.000000,1022.43,1022.48,1022.34,1023.27,0.01,-0.0,0.09,0.1,0.08,0.28,1390.8,645.3532897797762,676.8502740186274,-0.9063896093666954,654.6881914355604,334.6508936095666,-1.5671503849751314,673.2420185433496,57.121184760657016,-6.14032333391625,-1.5625915388238696,-0.6995479338711874
44751210,7.007000,0.000000,0.000000,1022.36,1022.46,1022.22,1023.0,0.01,0.0,0.08,0.1,0.06,0.23,1390.65,645.3421700948159,676.9987193205225,-0.7534690016773748,653.6186090761378,334.4431834265667,-1.5818471441531743,673.2226315218622,56.98648966267985,-6.193415558432835,-1.3840464790370248,-1.2734897159754066
44751313,7.107000,0.000000,0.000000,1022.39,1022.53,1022.3,1023.2,0.01,0.0,0.08,0.11,0.07,0.27,1390.73,645.3150407089269,676.9290858748907,-0.8137542333782142,654.2638989612666,334.53109129993834,-1.684006100097154,671.3907433110377,56.8761142938108,-5.205136040044185,-1.4971323410544304,-0.5354907095905816
44751411,7.220000,0.000000,0.000000,1022.35,1022.45,1022.28,1023.27,0.01,0.0,0.08,0.1,0.07,0.28,1390.69,645.3309743201768,676.9579423202453,-0.7966171198226079,654.0438178160098,334.5599503334095,-1.5833573892477557,672.4407822477644,56.97019298748029,-5.847176482678176,-1.4576646564547413,-0.8763424106440172
44751511,7.310000,0.000000,0.000000,1022.39,1022.55,1022.52,1023.02,0.01,0.0,0.08,0.12,0.11,0.23,1390.59,645.3417417993627,676.9633443717279,-0.7977089077506905,653.7260899913623,334.48860459369104,-1.5789901703103775,672.5176210547263,56.965882231929484,-5.768743175898362,-1.4024153328402307,-1.0688501993946553
44751612,7.411000,0.000000,0.000000,1022.41,1022.42,1022.36,1022.95,0.01,-0.0,0.09,0.09,0.08,0.22,1390.77,645.3569334992217,676.9209893109816,-0.8119700368923091,654.5673606153442,334.6387483268413,-1.5940192907509556,672.0263789201787,56.90747746729461,-5.330253617810077,-1.5413925176145815,-0.5142657819665204
44751711,7.510000,0.000000,0.000000,1022.37,1022.55,1022.32,1023.19,0.01,0.0,0.08,0.12,0.08,0.27,1390.69,645.3737716126055,677.0015006655933,-0.8418110797416464,654.4190928769503,334.59119329012884,-1.4742411864662812,673.2939285779349,56.9919408774725,-5.878714054974286,-1.5132086231323303,-0.8633140414715612
44751811,7.611000,0.000000,0.000000,1022.32,1022.53,1022.29,1023.08,0.01,0.0,0.07,0.11,0.07,0.25,1390.79,645.3504309366907,676.9515283201999,-0.8174286613989126,654.1912589517584,334.52576214342014,-1.7112792222047932,673.5444979172887,57.02107608189758,-5.84007994607487,-1.478947197335258,-1.0314667859349926
44751911,7.709000,0.000000,0.000000,1022.38,1022.43,1022.29,1023.09,0.01,0.0,0.08,0.1,0.07,0.25,1390.81,645.350227496466,676.9505017906773,-0.790185725375322,654.7922425936139,334.6164647540787,-1.4843356016560045,672.8998451707005,56.9240951903155,-5.475655235335147,-1.5798910941208113,-0.5710458352466241
44752011,7.809000,0.000000,0.000000,1022.31,1022.61,1022.26,1023.19,0.01,0.0,0.07,0.13,0.06,0.27,1390.88,645.3437244926754,676.9687186477158,-0.7956692444955717,654.4794147572982,334.6609229515895,-1.6849790198588641,673.4652777813876,56.97499611840407,-5.903408077785438,-1.5287769587508873,-0.8537696205027885
44752111,7.909000,0.000000,0.000000,1022.37,1022.54,1022.36,1023.07,0.01,0.0,0.07,0.13,0.06,0.27,1390.71,645.3160866327858,676.9654055886865,-0.7126364242268501,654.0959304859708,334.54823554168115,-1.692893607725175,673.0569521800395,56.94992510096759,-5.861555917049206,-1.468786737694109,-0.9698773682215203
44752211,8.009000,0.000000,0.000000,1022.37,1022.54,1022.36,1023.07,0.01,0.0,0.08,0.12,0.08,0.24,1390.57,645.412739917174,677.0009419737282,-0.8169158835360204,654.4188745345365,334.6280953185945,-1.6087974170456694,672.0629529612585,56.89709885265084,-5.372694131696248,-1.5068208190275603,-0.6214386754712309
44752312,8.108000,0.000000,0.000000,1022.31,1022.49,1022.34,1023.15,0.01,0.0,0.07,0.11,0.08,0.26,1390.71,645.3483656343532,676.9645631915547,-0.8041151289822224,654.060375030913,334.55470088184467,-1.6251161230828721,672.3848318135916,56.927531475759565,-5.706427736283874,-1.4574746650435721,-0.8613142053935197
44752411,8.209000,0.000000,0.000000,1022.3,1022.55,1022.16,1023.18,0.01,0.0,0.07,0.12,0.04,0.27,1390.86,645.345667109206,676.9615459615046,-0.8267424794520876,653.8223919764108,334.48263721456505,-1.5935353270346926,672.3629648234013,56.97224744470189,-5.703517988877815,-1.4178432727412622,-0.986585584460971
44752511,8.308000,0.000000,0.000000,1022.24,1022.52,1022.42,1023.05,0.01,-0.0,0.06,0.11,0.1,0.24,1390.72,645.352218542951,676.9754481887883,-0.7796602351826973,654.3581917878874,334.55573668541064,-1.4683987608792697,672.0293027724458,56.8830174100208,-5.3936973851059316,-1.5065877017620535,-0.6282212936870564
44752612,8.408000,0.000000,0.000000,1022.3,1022.44,1022.31,1023.19,0.01,0.0,0.07,0.1,0.07,0.27,1390.76,645.3810332703689,676.977301700459,-0.7560633765183276,654.3004107213851,334.57669935754865,-1.724753023599623,672.9195352334956,57.019734811521175,-5.786588376077915,-1.4921911152987921,-0.8533934092544473
44752711,8.510000,0.000000,0.000000,1022.34,1022.45,1022.24,1023.16,0.01,0.0,0.08,0.1,0.06,0.26,1390.83,645.3510457255694,676.9808615191283,-0.783978757981359,654.2588555359247,334.5161545005595,-1.7086867755698436,673.2795945087832,56.988116388355785,-5.7968827895407,-1.489977919387875,-0.9407525341286935
44752812,8.608000,88.746841,-24.413855,1022.33,1022.43,1022.4,1023.16,0.01,0.0,0.07,0.1,0.09,0.26,1390.81,645.3888291396585,676.9907581728464,-0.7531427114328579,654.6898559557795,334.6062173197279,-1.6928463040430701,673.0299186640709,56.93626995555266,-5.572313791903446,-1.556082378985509,-0.6667249152891372
44752914,8.710000,84.922686,-22.308151,1022.28,1022.58,1022.36,1023.12,0.01,0.0,0.07,0.12,0.08,0.26,1390.73,645.3798395398021,676.9805082308425,-0.7686439928741258,654.4994061542852,334.6499830554231,-1.656442455520309,673.4567689430432,56.950445298533786,-5.832780018448843,-1.5259788074056513,-0.8533218771336224
44753012,8.815000,85.299352,-23.224159,1022.23,1022.54,1022.28,1023.14,0.01,-0.0,0.06,0.12,0.07,0.26,1390.73,645.3421982017235,676.9644854275608,-0.799950803835425,654.1980491867478,334.4999122055744,-1.682622134112351,673.1335988678338,56.98555880667216,-5.746086857051309,-1.4812914119744192,-0.9408119222631219
44753112,8.911000,84.830844,-22.308076,1022.33,1022.59,1022.28,1023.1,0.01,0.0,0.07,0.13,0.07,0.25,1390.67,645.4184275919422,676.9598011644317,-0.8236544486566844,654.426916372864,334.6525366394308,-1.4993854558032176,672.4243196303047,56.9003496742915,-5.546781174153991,-1.5075031453419303,-0.6923838110173222
44753213,9.011000,85.104469,-24.909707,1022.26,1022.45,1022.45,1023.11,0.01,0.0,1.0,0.1,0.1,1.0,1386.89,645.3711125025171,676.9764171888978,-0.808542347150905,654.1351856886705,334.5781511369331,-1.6531103904979316,672.4838323669948,56.945285205287306,-5.687129113311003,-1.4662305150208812,-0.8486956944615884
44753313,9.110000,84.671387,-23.272909,1031.37,1025.87,1026.1,1034.57,0.01,0.0,1.0,0.69,0.83,1.0,1384.15,645.3888461214186,676.988888572638,-0.7582882912756588,653.9714622841074,334.5727151699336,-1.6058144543916297,672.3271470873848,56.911729828426246,-5.623917148484421,-1.4358105151689573,-0.9105998888405251
44753413,9.210000,79.578925,-23.567704,1042.22,1028.77,1028.89,1044.53,0.01,0.0,1.0,1.0,1.0,0.11,1382.77,645.4082688371495,676.9802781852519,-0.7707534179061201,653.3151049968416,334.42054964286626,-1.187750652240164,673.3990969007061,57.113435475897774,-6.654171704154878,-1.3222450778448878,-1.4979288985009762
44753513,9.311000,68.699446,-18.386223,1051.86,1030.16,1027.2,1042.13,0.01,0.0,1.0,1.0,1.0,0.59,1382.09,645.3386401196811,676.9611559772463,-0.8305183585084449,650.8862214105369,334.29484204491257,0.026291823545967447,673.8870554610259,57.41004245834853,-8.74943024233756,-0.9275064875615014,-2.893647380740841
44753613,9.412000,65.445645,0.571985,1060.45,1031.59,1027.2,1048.7,0.01,0.0,1.0,1.0,1.0,0.72,1381.3,645.4111719822736,676.9566363692841,-0.8197529912234771,645.9681870268454,334.190429032038,1.5004775247855764,673.8870554610259,57.41004245834853,-8.74943024233756,-0.9275064875615014,-2.893647380740841
44753715,9.512000,61.468126,4.322825,1068.35,1033.16,1024.44,1044.65,0.01,-0.0,1.0,1.0,0.51,0.88,1381.51,645.3449705432399,676.9378975816934,-0.8069685908705799,645.9681870268454,334.190429032038,1.5004775247855764,673.8870554610259,57.41004245834853,-8.74943024233756,-0.9275064875615014,-2.893647380740841
44753813,9.612000,61.467673,4.322661,1075.72,1034.59,1021.65,1040.71,0.01,0.0,1.0,1.0,0.05,0.09,1380.63,645.3287670493045,676.9698212763926,-0.8050976889919931,645.9681870268454,334.190429032038,1.5004775247855764,673.8870554610259,57.41004245834853,-8.74943024233756,-0.9275064875615014,-2.893647380740841
44753913,9.711000,49.864228,7.487317,1082.42,1035.77,1021.2,1041.0,0.01,0.0,1.0,1.0,0.14,0.15,1380.8,645.306951166126,676.9632021322802,-0.7536738348673115,645.9681870268454,334.190429032038,1.5004775247855764,673.8870554610259,57.41004245834853,-8.74943024233756,-0.9275064875615014,-2.893647380740841
44754014,9.812000,21.223905,14.058428,1089.33,1036.69,1021.29,1041.12,0.01,0.0,0.4,1.0,0.12,0.17,1381.53,645.3048465216226,676.9929745564956,-0.7407628155507069,645.9681870268454,334.190429032038,1.5004775247855764,673.8870554610259,57.41004245834853,-8.74943024233756,-0.9275064875615014,-2.893647380740841
44754115,9.913000,20.063272,10.200978,1089.88,1034.72,1021.33,1041.37,0.01,0.0,0.31,1.0,0.11,0.22,1383.08,645.2762271416558,676.9642006458953,-0.8232076997003004,645.9681870268454,334.190429032038,1.5004775247855764,673.8870554610259,57.41004245834853,-8.74943024233756,-0.9275064875615014,-2.893647380740841
44754215,10.013000,23.770626,6.180985,1088.59,1030.83,1021.07,1041.4,0.01,0.0,1.0,1.0,1.0,1.0,1383.26,645.237064306392,677.0204259967986,-0.7300711507614575,561.8493715097931,347.6382859067812,27.146441175549896,673.8870554610259,57.41004245834853,-8.74943024233756,-0.9275064875615014,-2.893647380740841
44754316,10.116000,23.771023,6.180776,1084.77,1025.6,1030.85,1042.02,0.01,-0.0,1.0,0.69,0.26,1.0,1383.9,645.2455403688031,677.0528038411009,-0.6752184482281673,556.1924341306553,349.5602859277371,28.351069024660372,445.4220451845147,99.03295799619539,21.041945434664008,15.212277140701454,-6.571987743791411
44754416,10.213000,-135.440611,42.325227,1079.71,1020.52,1029.25,1038.87,0.01,0.0,1.0,0.17,0.58,1.0,1383.49,645.3359976940646,677.0630846160495,-0.6791437288824215,558.0888518260317,348.97781168386996,28.43286172757819,445.40915969121363,99.11058850184156,22.20775307356352,14.8919111557901,-5.510434197198705
44754517,10.313000,-104.862487,25.651317,1075.46,1018.26,1033.69,1037.98,0.01,0.0,1.0,0.56,0.31,1.0,1383.21,645.3744473964445,677.0715318487647,-0.6962479424190225,566.0796771610438,346.50636731481177,26.414407717215173,445.40915969121363,99.11058850184156,22.20775307356352,14.8919111557901,-5.510434197198705
44754618,10.415000,-103.619028,28.969413,1073.23,1025.6,1032.44,1034.71,0.02,0.0,1.0,0.69,0.06,1.0,1384.06,645.3981084234405,677.0379327674077,-0.7667422557337593,566.0796771610438,346.50636731481177,26.414407717215173,445.40915969121363,99.11058850184156,22.20775307356352,14.8919111557901,-5.510434197198705
44754717,10.515000,-106.999418,32.540883,1069.97,1023.45,1030.97,1031.7,0.02,0.0,1.0,0.33,0.23,1.0,1384.0,645.4029113273583,677.0409620584555,-0.7155848338567096,588.6438611835805,340.50594012242914,20.934860879004987,445.40915969121363,99.11058850184156,22.20775307356352,14.8919111557901,-5.510434197198705
44754817,10.616000,-106.999440,32.541066,1065.59,1021.06,1029.6,1029.03,0.02,0.0,1.0,0.08,0.51,1.0,1383.66,645.3531713379081,677.0046335354401,-0.688963732199458,597.3623715668805,338.6930287535683,17.834938295050318,445.40915969121363,99.11058850184156,22.20775307356352,14.8919111557901,-5.510434197198705
44754917,10.715000,-116.061140,34.543402,1061.07,1019.33,1032.73,1027.97,0.02,0.0,1.0,1.0,1.0,1.0,1383.06,645.3884662958318,676.9423755404547,-0.8475770939275961,601.4185484302948,338.01971860721244,16.45989469368624,535.9012282642482,69.56082322308491,13.177720423850941,7.391945158648901,-1.0689644303053853
44755017,10.814000,-62.774200,-7.369202,1060.13,1029.74,1041.72,1029.59,0.02,-0.0,1.0,1.0,1.0,1.0,1381.29,645.3448108008236,677.0104624144428,-0.691500198469732,600.7222518057522,338.11701409898967,16.34289904302554,534.7502354085735,69.90067152548298,13.662833368428632,7.501061949227381,-1.1836383059274187
44755117,10.914000,-65.698023,-6.730456,1060.71,1041.45,1050.01,1031.05,0.02,-0.0,1.0,1.0,1.0,1.0,1379.82,645.3889839091121,677.0069561143232,-0.7322728549552426,598.2271980021449,338.55380962321163,17.02219620202238,534.7502354085735,69.90067152548298,13.662833368428632,7.501061949227381,-1.1836383059274187
44755217,11.016000,-64.420442,0.776637,1061.41,1052.08,1057.96,1032.2,0.02,-0.0,1.0,1.0,0.28,1.0,1378.81,645.3649033802446,676.9394233732725,-0.6685566087634001,595.7209392015606,338.8876445499309,17.36078687902211,511.59868706706874,76.8923775110701,21.138686132199677,8.354350281102368,1.0922459619609697
44755317,11.116000,-75.608081,-16.697961,1062.56,1061.73,1056.26,1029.4,0.02,-0.0,1.0,1.0,0.06,1.0,1377.75,645.3599749425518,677.0277390151837,-0.6808532193634762,596.8268102521653,338.60444718856974,17.041145997936727,507.460707269394,78.34866440379741,24.000775199156937,8.161122963023526,2.629096655097058
44755417,11.217000,-78.088529,-42.500643,1063.76,1070.67,1054.81,1026.65,0.02,-0.01,1.0,1.0,0.35,1.0,1377.75,645.3085042135423,677.0288746903453,-0.5887293452169848,603.6451405208771,337.3783510256385,15.90115698301349,507.460707269394,78.34866440379741,24.000775199156937,8.161122963023526,2.629096655097058
44755518,11.315000,-79.122409,-40.922066,1065.34,1078.6,1054.13,1023.8,0.02,-0.01,1.0,1.0,0.48,0.43,1377.87,645.3957637518301,676.9733511249899,-0.6848676843754394,603.6451405208771,337.3783510256385,15.90115698301349,507.460707269394,78.34866440379741,24.000775199156937,8.161122963023526,2.629096655097058
44755618,11.416000,-76.221373,-37.622495,1066.87,1085.82,1056.74,1023.99,0.02,-0.01,1.0,1.0,1.0,1.0,1377.67,645.3268385893191,676.9629360284403,-0.5678312187900669,603.6451405208771,337.3783510256385,15.90115698301349,507.460707269394,78.34866440379741,24.000775199156937,8.161122963023526,2.629096655097058
44755717,11.515000,-74.099381,-37.397992,1068.05,1092.52,1057.7,1035.26,0.02,-0.01,1.0,1.0,1.0,1.0,1375.47,645.3886107006231,677.0132254828826,-0.6984344242290061,603.6451405208771,337.3783510256385,15.90115698301349,507.460707269394,78.34866440379741,24.000775199156937,8.161122963023526,2.629096655097058
44755818,11.613000,-73.039272,-44.633738,1068.87,1099.01,1059.17,1044.48,0.02,-0.0,1.0,0.41,1.0,1.0,1374.1,645.4319214221471,676.9998495566253,-0.7074784658617521,603.6451405208771,337.3783510256385,15.90115698301349,507.460707269394,78.34866440379741,24.000775199156937,8.161122963023526,2.629096655097058
44755918,11.715000,-69.025665,-47.715537,1067.19,1099.83,1059.93,1053.55,0.01,-0.0,1.0,0.27,1.0,1.0,1373.4,645.4380107883893,677.0144153961211,-0.690956114111432,603.6451405208771,337.3783510256385,15.90115698301349,507.460707269394,78.34866440379741,24.000775199156937,8.161122963023526,2.629096655097058
44756018,11.816000,-63.626643,-44.496461,1063.35,1097.2,1061.12,1062.01,0.01,-0.0,1.0,0.72,1.0,0.46,1373.43,645.454208650784,677.0180905025845,-0.7474664527373401,701.057978933784,339.4466316898339,-14.329027435136572,507.460707269394,78.34866440379741,24.000775199156937,8.161122963023526,2.629096655097058
44756119,11.916000,-61.455105,-44.900803,1061.42,1102.26,1059.51,1064.34,0.01,-0.0,1.0,0.14,1.0,0.01,1373.37,645.3984248207728,677.0365324504761,-0.7674528859302789,708.1840005842375,341.2575678788104,-18.102263206640437,507.460707269394,78.34866440379741,24.000775199156937,8.161122963023526,2.629096655097058
44756218,12.016000,-60.937226,-49.171447,1057.85,1101.47,1056.08,1061.76,0.01,-0.0,1.0,0.01,1.0,0.51,1374.1,645.4790762474358,677.0190157581774,-0.7204830146452503,712.814413952201,342.35038875524134,-19.425210465746375,810.8177415670585,83.30070582477137,-24.136326068346943,-11.376029344243294,2.029493224334857
44756319,12.116000,145.619976,-44.517166,1053.33,1099.3,1054.42,1065.86,0.01,-0.0,1.0,1.0,1.0,0.17,1374.06,645.4133215135196,677.0582071468449,-0.7857687591345951,713.6513829218092,342.6706560808539,-20.14200615759187,818.1281277206592,85.92131515619484,-25.0904230737677,-11.533913991991364,0.9253792148722226
44756418,12.216000,150.358724,-32.988607,1047.45,1092.69,1051.25,1063.93,0.01,-0.01,1.0,1.0,1.0,0.56,1375.22,645.4209435114922,677.0148057835684,-0.7307963489163714,713.6836602282851,342.71147545191417,-20.00967115426291,819.2306952325325,86.49010472614619,-25.650292942001993,-11.540798386229984,0.693026927441533
44756519,12.316000,152.919956,-28.727358,1041.32,1085.68,1050.46,1069.23,0.01,-0.01,1.0,0.16,1.0,0.5,1376.33,645.4016751874394,677.0447469250663,-0.7697121191980361,712.046510188357,342.3908511835363,-19.799891928932905,820.1388784292487,87.26503356146799,-27.554595260230204,-11.262851451106433,-0.4358250381796722
44756619,12.417000,150.729726,-17.935850,1036.92,1083.96,1046.41,1065.01,0.01,-0.01,1.0,0.13,1.0,0.34,1377.24,645.4016751874394,677.0447469250663,-0.7697121191980361,712.046510188357,342.3908511835363,-19.799891928932905,820.1388784292487,87.26503356146799,-27.554595260230204,-11.262851451106433,-0.4358250381796722
44756718,12.517000,149.938056,-18.621759,1033.55,1083.1,1043.55,1064.7,0.01,-0.01,1.0,0.28,1.0,0.4,1376.38,645.4879742398215,677.0325388675263,-0.7047382500852711,708.307011114472,341.5857218526099,-18.684075350288953,816.9805639198713,86.74193799681173,-29.535725718281864,-10.606909660510237,-1.8811334584300248
44756818,12.616000,141.783423,-2.877895,1029.79,1082.19,1041.49,1066.62,0.01,-0.01,1.0,1.0,1.0,1.0,1377.5,645.4133959913811,677.0634349413523,-0.8025499273952513,706.9091778759395,341.2149477994401,-18.272556255001852,813.7966154735473,85.51530561334874,-28.695096373018863,-10.37624056923882,-1.933397690342474
44756918,12.716000,138.079059,-1.700871,1038.33,1080.89,1037.65,1061.09,0.01,-0.01,1.0,1.0,1.0,1.0,1376.62,645.4133959913811,677.0455473915297,-0.6747583247786819,706.9091778759395,341.2149477994401,-18.272556255001852,813.7966154735473,85.51530561334874,-28.695096373018863,-10.37624056923882,-1.933397690342474
44757018,12.816000,137.608719,-2.493503,1048.24,1080.44,1032.81,1055.65,0.01,-0.0,1.0,1.0,1.0,1.0,1376.83,645.4660710110509,677.039299232673,-0.6926235242910241,707.7914180849328,341.5412124353422,-18.437028013500566,819.7647710865565,88.32132783452978,-32.065151616333615,-10.523848174008291,-2.8072271021796915
44757118,12.916000,139.405520,6.531276,1057.64,1079.96,1028.48,1050.92,0.01,-0.0,1.0,1.0,1.0,1.0,1376.9,645.4090520952701,677.0539421361561,-0.7539882161398328,710.6930920244773,342.22446444740206,-18.99041460688032,824.5192744848455,90.06616497142457,-31.72880378440427,-11.032938291286419,-2.2289034449554777
44757218,13.015000,145.666404,0.402866,1066.1,1079.99,1024.42,1046.21,0.01,-0.0,1.0,1.0,0.62,1.0,1377.11,645.4709511323355,677.0457749303882,-0.7572911373235944,709.6367341492115,341.977853011752,-18.51062000750706,823.7293498974775,90.20639478064984,-32.91960291499534,-10.840938943699326,-2.6962283510255
44757318,13.116000,145.163312,4.356321,1073.73,1080.37,1021.45,1042.33,0.01,-0.0,1.0,1.0,0.06,1.0,1377.31,645.4054905146361,677.0073237406363,-0.7274733765337164,702.9622670419653,340.42351732639634,-15.92177934264796,823.7293498974775,90.20639478064984,-32.91960291499534,-10.840938943699326,-2.6962283510255
44757419,13.216000,146.362723,4.350192,1080.29,1080.99,1020.0,1039.38,0.01,-0.01,1.0,1.0,0.35,1.0,1376.24,645.4267429959663,677.0072730671731,-0.7194838126773428,702.9622670419653,340.42351732639634,-15.92177934264796,823.7293498974775,90.20639478064984,-32.91960291499534,-10.840938943699326,-2.6962283510255
44757519,13.316000,146.821237,4.720956,1086.46,1081.68,1018.89,1036.48,0.01,-0.01,1.0,1.0,1.0,1.0,1376.54,645.4195900238311,676.992418446436,-0.6771050854731534,702.9622670419653,340.42351732639634,-15.92177934264796,823.7293498974775,90.20639478064984,-32.91960291499534,-10.840938943699326,-2.6962283510255
44757618,13.417000,146.619736,4.433703,1092.64,1081.73,1028.15,1037.56,0.01,-0.01,1.0,1.0,0.49,1.0,1375.97,645.3436903202189,676.9358138177138,-0.5959560206388608,702.9622670419653,340.42351732639634,-15.92177934264796,823.7293498974775,90.20639478064984,-32.91960291499534,-10.840938943699326,-2.6962283510255
44757718,13.516000,145.698188,4.805648,1098.3,1081.41,1025.89,1035.05,0.01,-0.01,1.0,1.0,0.02,1.0,1375.14,645.3309035327004,676.9768302247693,-0.5726528653505055,702.9622670419653,340.42351732639634,-15.92177934264796,823.7293498974775,90.20639478064984,-32.91960291499534,-10.840938943699326,-2.6962283510255
44757819,13.616000,144.354537,5.987492,1104.66,1080.5,1024.66,1031.88,0.01,-0.01,1.0,1.0,0.23,1.0,1375.48,645.309602289015,676.9722102351999,-0.6382557781385314,702.9622670419653,340.42351732639634,-15.92177934264796,823.7293498974775,90.20639478064984,-32.91960291499534,-10.840938943699326,-2.6962283510255
44757918,13.716000,143.413547,5.122252,1111.05,1079.32,1023.28,1029.2,0.01,-0.01,1.0,1.0,0.81,1.0,1374.65,645.309602289015,676.9722102351999,-0.6382557781385314,702.9622670419653,340.42351732639634,-15.92177934264796,823.7293498974775,90.20639478064984,-32.91960291499534,-10.840938943699326,-2.6962283510255
44758018,13.816000,142.962907,5.096901,1117.74,1077.78,1031.04,1029.84,0.01,-0.01,1.0,1.0,0.91,1.0,1374.18,645.3487759904579,676.9755041034338,-0.6783770524721011,702.9622670419653,340.42351732639634,-15.92177934264796,823.7293498974775,90.20639478064984,-32.91960291499534,-10.840938943699326,-2.6962283510255
44758119,13.916000,143.157848,5.339194,1124.05,1076.1,1028.62,1026.71,0.01,-0.01,1.0,1.0,0.43,1.0,1373.73,645.4015748966663,676.9421060201546,-0.7498777860163147,597.5512765953821,337.5352482604064,16.452961596697467,823.7293498974775,90.20639478064984,-32.91960291499534,-10.840938943699326,-2.6962283510255
44758218,14.017000,144.122314,4.402310,1130.17,1074.56,1026.54,1024.02,0.01,-0.01,1.0,1.0,0.01,0.51,1374.06,645.39313550604,676.9957774673575,-0.7907150335107217,587.5283590422679,339.60355609101174,19.67546841780651,823.7293498974775,90.20639478064984,-32.91960291499534,-10.840938943699326,-2.6962283510255
44758319,14.116000,145.353653,4.028081,1135.77,1072.91,1025.88,1022.45,0.01,-0.01,1.0,1.0,0.12,0.19,1374.57,645.3461539348164,676.9688826262081,-0.7684357516299043,580.0356074428695,341.43118496751777,21.90427379588,823.7293498974775,90.20639478064984,-32.91960291499534,-10.840938943699326,-2.6962283510255
44758419,14.217000,146.300649,4.201064,1140.56,1071.49,1025.61,1022.78,0.01,-0.01,1.0,1.0,0.17,0.26,1373.73,645.3923434447748,677.0402934431444,-0.7276839002609685,580.0356074428695,341.43118496751777,21.90427379588,823.7293498974775,90.20639478064984,-32.91960291499534,-10.840938943699326,-2.6962283510255
44758520,14.317000,146.725165,4.505913,1145.47,1069.09,1025.64,1022.79,0.01,-0.01,1.0,1.0,0.02,0.26,1374.11,645.3218379760244,677.0255170213997,-0.7661340561555319,580.0356074428695,341.43118496751777,21.90427379588,823.7293498974775,90.20639478064984,-32.91960291499534,-10.840938943699326,-2.6962283510255
44758620,14.417000,146.534757,4.812558,1150.68,1065.34,1025.6,1023.02,0.01,-0.01,1.0,1.0,0.05,0.31,1374.09,645.349780006023,677.0980810582013,-0.7486750949839202,580.0356074428695,341.43118496751777,21.90427379588,823.7293498974775,90.20639478064984,-32.91960291499534,-10.840938943699326,-2.6962283510255
44758722,14.517000,145.542164,5.424492,1156.18,1060.75,1025.64,1022.98,0.01,-0.01,1.0,1.0,0.11,0.3,1373.31,645.4108186592083,677.0823400837594,-0.5481896665472409,580.0356074428695,341.43118496751777,21.90427379588,823.7293498974775,90.20639478064984,-32.91960291499534,-10.840938943699326,-2.6962283510255
44758822,14.619000,144.481999,5.583387,1162.17,1054.97,1025.67,1022.97,0.01,-0.01,1.0,1.0,0.22,0.3,1373.72,645.3986351589915,677.1281855402522,-0.596336501569947,580.0356074428695,341.43118496751777,21.90427379588,823.7293498974775,90.20639478064984,-32.91960291499534,-10.840938943699326,-2.6962283510255
44758922,14.720000,143.604223,5.324320,1168.7,1048.95,1025.69,1022.93,0.01,-0.01,0.19,1.0,0.22,0.29,1374.12,645.3275577790885,677.2593373990303,-0.3186247134778487,512.1292769050775,370.2410705085298,42.83378438343762,823.7293498974775,90.20639478064984,-32.91960291499534,-10.840938943699326,-2.6962283510255
44759023,14.820000,143.204818,5.192464,1168.19,1042.3,1025.64,1023.12,0.01,-0.01,0.28,1.0,0.23,0.33,1375.3,645.3447164526743,677.2590835486766,-0.4793569521605942,505.03340681216366,374.5502331523154,45.33687973684271,823.7293498974775,90.20639478064984,-32.91960291499534,-10.840938943699326,-2.6962283510255
44759123,14.921000,143.500521,4.877663,1166.2,1035.87,1025.6,1023.06,0.01,-0.01,0.22,1.0,0.19,0.32,1376.77,645.3284486906492,677.3669262408953,-0.5606788707763832,499.3097202006078,378.5526463957227,47.44491112320205,823.7293498974775,90.20639478064984,-32.91960291499534,-10.840938943699326,-2.6962283510255
44759223,15.021000,144.336341,4.683394,1164.95,1029.84,1025.6,1023.11,0.01,-0.01,0.48,1.0,0.13,0.33,1378.21,645.2864484692838,677.3706470000551,-0.5191148240093644,494.09566018117675,382.17798025812897,49.17494962742832,823.7293498974775,90.20639478064984,-32.91960291499534,-10.840938943699326,-2.6962283510255
44759324,15.120000,145.362751,4.531706,1167.66,1024.44,1025.76,1022.97,0.01,-0.01,0.02,0.8,0.1,0.3,1379.53,645.2727499766443,677.4347880390327,-0.5726127633753744,490.73217335179027,384.69025845548583,50.575713968659485,286.46623166356295,212.7550967043024,51.06396485248069,27.829686450409973,-5.747433905246538
44759424,15.222000,145.362751,4.531706,1167.98,1020.0,1025.68,1022.95,0.01,-0.01,0.28,0.04,0.05,0.3,1380.82,645.340847543925,677.4159205772637,-0.592939017895152,489.7255584026794,385.476733950822,50.95786858223606,283.9398796743001,215.106396921621,51.50323947392689,28.059404329288185,-5.7402276548005275
44759524,15.323000,145.362751,4.531706,1167.75,1019.44,1025.71,1022.9,0.01,-0.01,0.32,0.05,0.04,0.29,1382.25,645.3772168724086,677.4214605180246,-0.5432407059162753,490.5769897660038,384.871863933447,50.922847431834384,285.8628594034591,213.52420093169272,51.204494233547436,27.88518911447765,-5.700028872270096
44759624,15.422000,145.362751,4.531706,1167.43,1019.73,1025.65,1022.88,0.01,-0.01,0.37,0.0,0.05,0.28,1382.59,645.406119804686,677.4143995821491,-0.5426545422777072,491.54876123514987,384.3074236805195,50.61606517886947,287.5117547425003,211.6559516675951,50.797264878292765,27.695824984046975,-5.628789543566711
44759724,15.523000,145.362751,4.531706,1167.65,1020.19,1025.69,1023.01,0.01,-0.01,0.34,0.07,0.04,0.31,1383.8,645.3694165673058,677.3906680651909,-0.6348581225919135,491.39845314723425,384.3795804411643,50.73179730265296,287.6028036668103,211.85691859737528,50.79559592588601,27.72095109600791,-5.691396045872729
44759825,15.622000,145.362751,4.531706,1167.93,1020.43,1025.65,1022.95,0.01,-0.01,0.29,0.11,0.05,0.3,1385.03,645.2908718735592,677.4341207481745,-0.5124831849833682,490.4125047224122,385.1632899459993,50.97740492305187,285.4537599925696,214.17939472922345,51.30916857007857,27.919736924699528,-5.6755428439066264
44759925,15.723000,145.362751,4.531706,1167.62,1020.67,1025.74,1023.04,0.01,-0.02,0.34,0.15,0.03,0.32,1386.06,645.3183583185504,677.4222276059611,-0.5540398038348453,488.88969950518236,386.30266192597617,51.59469281234815,282.1832957167334,217.52148415083897,51.89377553835756,28.2506832110577,-5.7339023546484
44760024,15.823000,145.362751,4.531706,1167.72,1020.82,1025.62,1022.87,0.01,-0.02,0.32,0.18,0.06,0.28,1386.98,645.3370369662316,677.4764221468381,-0.6162480879875033,487.30203909546236,387.56436693771235,52.10466193295983,278.9625293489619,221.41528585775205,52.629873895738505,28.595401126146122,-5.7628807411391065
44760124,15.922000,145.362751,4.531706,1167.94,1020.87,1025.56,1023.04,0.01,-0.02,0.29,0.19,0.07,0.32,1387.67,645.3438671452667,677.4951603597516,-0.5737358934434343,486.26964996788644,388.4103217998163,52.45983403185169,276.55533973951435,224.07958035828713,53.08480139222962,28.822593840951406,-5.727201441276328
44760225,16.022000,145.362751,4.531706,1167.92,1020.73,1025.63,1022.93,0.01,-0.02,0.29,0.16,0.06,0.3,1388.37,645.3468551082693,677.4597822298898,-0.6499747360295794,486.1022117388826,388.5605126865726,52.71283021822361,276.0579823856501,224.78946909329468,53.38374111917406,28.86406589179225,-5.6715992617668505
44760324,16.124000,145.362751,4.531706,1168.05,1020.71,1025.63,1022.89,0.01,-0.02,0.27,0.16,0.06,0.29,1388.94,645.3150069685984,677.4656862126516,-0.5951386519231154,486.60932379387236,388.2202863737107,52.452969672433774,277.0776046166297,223.87502239805744,53.20536524783463,28.753079036550073,-5.6148625988798315
44760425,16.221000,145.362751,4.531706,1168.0,1020.63,1025.65,1022.97,0.01,-0.02,0.27,0.14,0.05,0.31,1389.34,645.3150069685984,677.4656862126516,-0.5951386519231154,486.60932379387236,388.2202863737107,52.452969672433774,277.0776046166297,223.87502239805744,53.20536524783463,28.753079036550073,-5.6148625988798315
44760526,16.323000,145.362751,4.531706,1167.86,1020.7,1025.71,1022.91,0.01,-0.02,0.3,0.16,0.04,0.29,1389.77,645.3299352383841,677.4565173613984,-0.7093072642913781,488.0901049523874,387.1189515394848,52.14060236255662,280.07358963235953,220.7293187270731,52.56598125029075,28.43890791639762,-5.533663691601163
44760626,16.424000,145.362751,4.531706,1167.65,1020.75,1025.67,1022.95,0.01,-0.02,0.34,0.16,0.05,0.3,1389.9,645.3336798112426,677.4708036894085,-0.6206849560458417,488.21361197198814,387.0277077021361,52.172649527809995,280.34940493685957,220.40323742058766,52.555333347081245,28.411915838645136,-5.53958222552248
44760725,16.523000,145.362751,4.531706,1167.69,1021.06,1025.67,1023.01,0.01,-0.02,0.33,0.21,0.05,0.31,1390.22,645.3635807171298,677.4219792906559,-0.5811792637290699,487.7364800829077,387.3698535349121,52.15742517733217,279.4742482730153,221.33638036346687,52.62621578498244,28.52160519702318,-5.606210399558535
44760825,16.624000,145.362751,4.531706,1167.84,1021.07,1025.6,1022.99,0.01,-0.02,0.3,0.22,0.07,0.31,1390.38,645.3674220920057,677.4287654115831,-0.5853013012417745,486.98561575705247,387.9687749519627,52.37019632304713,277.8873776381271,223.08899499644963,52.95633622066039,28.68584869171901,-5.628459826379348
44760926,16.723000,145.362751,4.531706,1167.81,1021.13,1025.7,1022.98,0.01,-0.02,0.31,0.23,0.05,0.31,1390.6,645.2926538282882,677.4965357830773,-0.6157095713052041,486.31958095515404,388.53506102288986,52.65747446169881,276.40218840623,224.62681936709697,53.16091397429984,28.817531347161196,-5.618584794447365
44761026,16.823000,145.362751,4.531706,1167.89,1021.13,1025.63,1022.9,0.01,-0.02,0.29,0.23,0.06,0.29,1390.77,645.2842089823417,677.4941967907987,-0.6314722181011662,485.9845583528796,388.72098131525786,52.8163743035352,275.8017281744765,225.45768278987083,53.42954193648033,28.88300666463125,-5.604930916279493
44761127,16.924000,145.362751,4.531706,1167.87,1020.99,1025.54,1022.89,0.02,-0.02,0.3,0.2,0.08,0.29,1390.94,645.3120861516145,677.4530232495987,-0.487630923700427,486.0999476725895,388.6244859967979,52.74752045783377,275.9381425221532,225.22966866410079,53.34182724223193,28.865052331101246,-5.594153256706903
44761227,17.026000,145.362751,4.531706,1168.02,1020.81,1025.67,1022.8,0.01,-0.02,0.27,0.17,0.05,0.27,1390.96,645.2938004297674,677.4493322700906,-0.5902188003036313,486.56045952356664,388.3083392736189,52.55768621343091,276.8581578744835,224.27308001265303,53.23159733139662,28.766014969933934,-5.565584704438443
44761328,17.126000,145.362751,4.531706,1167.93,1021.04,1025.65,1022.91,0.01,-0.02,0.29,0.21,0.06,0.3,1391.05,645.3997516349623,677.4262600074007,-0.5417455940128858,487.0614441490492,387.8800908057381,52.47922686086589,277.87899302121644,223.16223607767054,53.01655024574165,28.672041542476972,-5.5622622570562825
44761427,17.225000,145.362751,4.531706,1167.91,1020.97,1025.58,1022.95,0.01,-0.02,0.29,0.2,0.07,0.3,1391.12,645.2794217877431,677.5246925878782,-0.545849201974909,487.343048334976,387.74425138377114,52.35894448683443,278.4498243083111,222.51911366523962,52.8652567326873,28.59130373602593,-5.525017954144104
44761527,17.325000,145.362751,4.531706,1167.81,1021.07,1025.66,1022.97,0.01,-0.02,0.3,0.21,0.05,0.31,1391.2,645.315142544791,677.4606453872309,-0.6878334896281659,487.2115216534711,387.86165341641123,52.47198231270174,278.339948763024,222.72833965448157,52.98031178601627,28.631883896010986,-5.59357113159151
44761628,17.425000,145.362751,4.531706,1167.67,1021.12,1025.63,1022.98,0.01,-0.02,0.33,0.22,0.06,0.31,1391.23,645.3291743434683,677.4878477353303,-0.6253389898136812,486.81984567588745,388.1577550482995,52.424696184307564,277.4841355398413,223.6307816621841,53.07916854786167,28.71610659340236,-5.597716767908054
44761727,17.525000,145.362751,4.531706,1167.76,1021.26,1025.6,1022.87,0.01,-0.02,0.31,0.24,0.07,0.29,1391.24,645.3188827449012,677.4896825239535,-0.6141973813518963,486.3373910997841,388.54192874848115,52.65457114438692,276.4839286523577,224.74869167299497,53.22624304641163,28.819961837381346,-5.612404423467453
44761827,17.626000,145.362751,4.531706,1167.86,1021.23,1025.66,1022.88,0.01,-0.02,0.3,0.24,0.06,0.29,1391.39,645.3346847270618,677.4656078226722,-0.5260254592725281,485.9980159446286,388.7203841364141,52.87209788331813,275.8077889648009,225.5491281923574,53.404822899205186,28.89098695812801,-5.604262699724536
44761927,17.725000,145.362751,4.531706,1167.86,1021.14,1025.62,1022.9,0.01,-0.02,0.3,0.22,0.06,0.29,1391.45,645.3064281457633,677.497970522358,-0.6514266127352935,486.03119906100176,388.7153822475302,52.80164446000186,275.77478813355344,225.5163068764092,53.34515313733699,28.878505097160375,-5.575292868890969
44762028,17.825000,145.362751,4.531706,1168.01,1021.06,1025.62,1022.88,0.01,-0.02,0.27,0.21,0.06,0.29,1391.38,645.3460746961938,677.4371887877392,-0.6110184467025934,486.3339228455492,388.55196269891024,52.69760039512326,276.4032824725238,224.92335484402835,53.281264472064066,28.829866484201403,-5.594055393344597
44762127,17.927000,145.362751,4.531706,1167.87,1021.08,1025.67,1022.91,0.01,-0.02,0.29,0.21,0.05,0.3,1391.33,645.3189833534136,677.5083797209024,-0.5872662543495577,486.6793072061092,388.24719917282283,52.60408560383576,277.07560251174556,224.11231439628304,53.16596813807675,28.741710516173605,-5.5469380371497365
44762228,18.025000,145.362751,4.531706,1167.85,1021.08,1025.5,1022.91,0.01,-0.02,0.29,0.21,0.05,0.3,1391.38,645.2766031613113,677.464861116858,-0.6779289508761464,486.9128603464594,388.10471369236006,52.56404150480001,277.5686116681342,223.57957258964495,53.14860694599241,28.741710516173605,-5.5469380371497365
44762327,18.125000,145.362751,4.531706,1167.85,1021.08,1025.5,1022.91,0.01,-0.02,0.3,0.21,0.09,0.3,1391.38,645.3223042262454,677.4897565777301,-0.4863347704976256,486.8634653244249,388.1226271318341,52.47341904156877,277.5561904470643,223.66724630728513,53.158029940274204,28.705326041081342,-5.567821944420835
44762428,18.225000,145.362751,4.531706,1167.56,1021.28,1025.61,1022.96,0.01,-0.02,0.32,0.22,0.07,0.29,1391.44,645.3414427486739,677.471631679941,-0.7008644683379645,486.58979775511517,388.29691410821874,52.60866549905887,277.00509558518075,224.22306964680692,53.18547470981368,28.765982980080313,-5.587659735795896
44762527,18.325000,145.362751,4.531706,1167.56,1021.28,1025.61,1022.96,0.01,-0.02,0.35,0.24,0.07,0.31,1391.3,645.3031561933407,677.4739796361614,-0.5721109352592779,486.23222218962104,388.57870784401985,52.70150039578366,276.33524207580666,225.02913453916653,53.451736731294524,28.837971481279993,-5.601298720154574
44762627,18.425000,145.362751,4.531706,1167.89,1021.29,1025.6,1022.9,0.01,-0.03,0.29,0.25,0.07,0.3,1391.45,645.3031561933407,677.4739796361614,-0.5721109352592779,486.23222218962104,388.57870784401985,52.70150039578366,276.33524207580666,225.02913453916653,53.451736731294524,28.837971481279993,-5.601298720154574
44762728,18.525000,145.362751,4.531706,1168.05,1021.29,1025.56,1022.88,0.01,-0.02,0.26,0.24,0.08,0.29,1391.43,645.3594288982292,677.4445991035697,-0.5976423514768915,485.94578903703706,388.7970490685168,52.853117608495744,275.70373390836505,225.77606027884534,53.479948009333796,28.91089659620865,-5.611673812174558
44762829,18.625000,145.362751,4.531706,1168.04,1021.13,1025.6,1022.86,0.01,-0.02,0.26,0.22,0.07,0.29,1391.52,645.3086835140066,677.4681194654379,-0.6987479226192308,486.05360052004664,388.6918985647807,52.78367068666864,275.93212596467623,225.4374425558636,53.376521393701495,28.875974451559742,-5.597467298258849
44762928,18.731000,145.362751,4.531706,1167.96,1021.15,1025.58,1022.86,0.01,-0.02,0.28,0.22,0.07,0.29,1391.51,645.2967947951082,677.4882632345196,-0.6149066863179137,486.20474234649646,388.6005796892632,52.772490102820356,276.2171356371557,225.10665880486624,53.464077246731364,28.841821265888996,-5.587554814697221
44763028,18.826000,145.362751,4.531706,1167.9,1021.27,1025.64,1022.94,0.01,-0.02,0.29,0.24,0.06,0.31,1391.59,645.2875741216238,677.5051581236552,-0.6302294603012004,486.33657820194895,388.5499844379608,52.715506787112965,276.45604407626655,224.91442484506732,53.35580587697172,28.814698483336795,-5.571531456843395
44763127,18.926000,145.362751,4.531706,1167.86,1021.25,1025.65,1022.99,0.01,-0.02,0.29,0.24,0.06,0.32,1391.51,645.3142775739758,677.4700173070537,-0.5542053749027098,486.3153376871495,388.5469843745881,52.65805772541797,276.46942473343006,224.91882298716936,53.315581051092906,28.82468819071082,-5.594838131927013
44763227,19.025000,145.362751,4.531706,1167.88,1021.3,1025.63,1022.9,0.01,-0.03,0.29,0.24,0.07,0.3,1391.68,645.3048472296538,677.4791071187784,-0.5978563709926127,486.21864664608586,388.60525211873875,52.754662746962154,276.2640552959728,225.1405615839616,53.3955858953115,28.842089661065042,-5.587492701383461
44763327,19.125000,145.362751,4.531706,1167.79,1021.32,1025.61,1022.88,0.01,-0.03,0.3,0.25,0.07,0.3,1391.64,645.345128850686,677.4490624920954,-0.560121156670579,486.07245320542296,388.67673980743285,52.83248432962148,275.9578282633567,225.45919886279157,53.452644922295406,28.878977992964323,-5.598101824002221
44763427,19.226000,145.362751,4.531706,1167.77,1021.36,1025.6,1022.89,0.01,-0.03,0.31,0.25,0.07,0.3,1391.68,645.313497289419,677.4768298151201,-0.698121356042346,485.93834456630776,388.817219213316,52.80104212399254,275.6939542142327,225.77844784687224,53.51483294208946,28.90402924884582,-5.600657315501273
44763527,19.326000,145.362751,4.531706,1167.65,1021.18,1025.63,1022.83,0.01,-0.03,0.33,0.22,0.07,0.28,1391.48,645.2927175668658,677.4847303678923,-0.6199015562212226,485.95989163042697,388.8061949310513,52.896042253162776,275.65962365934723,225.83625905147875,53.58868510607943,28.896001047738878,-5.565512409027079
44763628,19.426000,145.362751,4.531706,1167.95,1021.28,1025.61,1022.8,0.01,-0.02,0.28,0.24,0.07,0.28,1391.51,645.30875865845,677.4702901414449,-0.6954023940003671,486.01741953364984,388.74808901412723,52.88618902612434,275.80671938687647,225.68725533783942,53.59733538607657,28.88602366938657,-5.572847243283007
44763729,19.525000,145.362751,4.531706,1167.86,1021.24,1025.59,1022.89,0.01,-0.02,0.29,0.23,0.07,0.3,1391.72,645.3109549642902,677.4984931800988,-0.5827200061083635,486.154272504201,388.64008661599803,52.808023791966555,276.06691833247095,225.40171215970378,53.47305611270223,28.854110036022018,-5.555511912242999
44763829,19.626000,145.362751,4.531706,1167.81,1021.23,1025.64,1022.82,0.01,-0.03,0.3,0.23,0.06,0.28,1391.72,645.301336396431,677.4673192235616,-0.6177666372085691,486.1956841840376,388.6277242652535,52.750914953531925,276.2171489559759,225.20302086846942,53.46017585729981,28.8479216576531,-5.589195127516781
44763928,19.726000,145.362751,4.531706,1167.84,1021.28,1025.56,1022.82,0.01,-0.03,0.29,0.24,0.08,0.28,1391.58,645.3425193390306,677.4547704152338,-0.550552970237764,486.16085258002926,388.64467299224725,52.79558239688892,276.1677802772929,225.2485968286449,53.45428454241939,28.8479216576531,-5.589195127516781
44764028,19.827000,145.362751,4.531706,1167.71,1021.4,1025.65,1023.05,0.01,-0.03,0.32,0.26,0.06,0.33,1391.61,645.2875954314226,677.4951156225078,-0.6103589702140965,486.16085258002926,388.64467299224725,52.79558239688892,276.1677802772929,225.2485968286449,53.45428454241939,28.861962466006236,-5.610489316410479
44764128,19.926000,145.362751,4.531706,1167.62,1021.26,1025.55,1022.88,0.01,-0.03,0.33,0.23,0.08,0.3,1391.71,645.2564205294773,677.5042664659329,-0.5979517181810089,485.94791495149894,388.8181684399328,52.884834048443395,275.6663368957497,225.82333732607387,53.52781254249931,28.865812433636542,-5.564994976973473
44764229,20.026000,145.362751,4.531706,1167.7,1021.29,1025.5,1022.88,0.0,-0.02,0.32,0.24,0.09,0.3,1391.65,645.3125266408884,677.473180434257,-0.6855197176180569,485.86472324971163,388.9093459533361,52.82946110484811,275.50170461744585,225.99469395128946,53.62121889485577,28.923127525115042,-5.602078206428352
44764328,20.127000,145.362751,4.531706,1167.9,1021.37,1025.6,1022.85,0.0,-0.02,0.28,0.25,0.07,0.29,1391.6,645.3495383240888,677.4747726480962,-0.6533019437087659,485.88197689054306,388.8898993449309,52.97583796103776,275.485749840417,226.01745873168997,53.609017455124174,28.92436453479499,-5.5929869872028135
44764429,20.226000,145.362751,4.531706,1167.9,1021.32,1025.56,1022.84,0.0,-0.02,0.28,0.24,0.08,0.29,1391.57,645.312790783732,677.4948806000339,-0.6525717222376549,485.91418730826865,388.87610652411985,52.975616795277574,275.5350406087076,225.96659832547,53.70943083090512,28.911026800665965,-5.574874591121535
44764529,20.327000,-242.480519,41.346082,1167.96,1021.39,1025.6,1022.91,0.0,-0.02,0.27,0.26,0.07,0.3,1391.71,645.2861158393334,677.4931265775896,-0.6636238537574056,485.92589735526695,388.8600745655593,52.845618427101854,275.6192215827084,225.93249166362867,53.60298678261835,28.903988070882715,-5.57343109382208
44764628,20.426000,-243.743635,45.496862,1167.92,1021.29,1025.66,1022.95,0.0,-0.02,0.28,0.24,0.06,0.31,1391.81,645.3015295287192,677.4817026155984,-0.6721432834735764,485.87405712866587,388.851311143073,52.8287033873488,275.5888680459567,225.94902015364823,53.753080619877394,28.914442052592726,-5.5928668745087435
44764728,20.526000,-248.238849,50.897140,1167.9,1021.36,1025.73,1022.81,0.0,-0.02,1.0,1.0,1.0,0.28,1388.45,645.335451720346,677.4774426834518,-0.6363219767179886,485.8306414198684,388.90248126377406,52.93172465150826,275.5031316334466,226.01214500634796,53.57851619343919,28.930862873208522,-5.618091063780241
44764829,20.626000,-248.238849,50.897140,1163.61,1039.77,1036.01,1026.94,0.0,-0.02,1.0,1.0,1.0,1.0,1385.64,645.3632437131619,677.444470051727,-0.5934997375040852,485.7814512620266,388.95125300770144,52.923432472338526,275.36550365755653,226.16666040526732,53.63886624988568,28.949444100549066,-5.625585305855168
44764929,20.726000,-248.238849,50.897140,1158.9,1062.12,1045.2,1028.44,-0.0,-0.02,1.0,1.0,1.0,1.0,1383.54,645.3429601010998,677.4729596503984,-0.5695143419637796,486.06439863177866,388.7030981888838,52.64285557052749,274.8757774397714,226.94741794467143,54.286123692589506,28.880079929149616,-5.209743480471637
44765030,20.826000,-239.794226,31.944325,1155.79,1079.02,1053.48,1029.94,-0.0,-0.02,1.0,1.0,1.0,1.0,1381.94,645.312767867749,677.4204100332277,-0.5815662208118171,489.33260509621726,386.37155814114084,51.46610341445807,277.0337663531558,226.46704083123194,55.901072788613796,28.187940578707135,-3.363118135102795
44765129,20.927000,-233.597786,30.229586,1154.48,1090.71,1061.7,1030.82,-0.0,-0.02,1.0,1.0,1.0,1.0,1380.55,645.3603624739909,677.4222086501139,-0.5952372346292084,489.33260509621726,386.37155814114084,51.46610341445807,277.0337663531558,226.46704083123194,55.901072788613796,28.187940578707135,-3.363118135102795
44765230,21.026000,-228.937924,32.041531,1154.28,1099.43,1069.41,1031.73,0.0,-0.02,1.0,1.0,1.0,1.0,1380.55,645.3542732727703,677.3338255915179,-0.5747952457333908,489.33260509621726,386.37155814114084,51.46610341445807,277.0337663531558,226.46704083123194,55.901072788613796,28.187940578707135,-3.363118135102795
44765331,21.127000,-227.133062,32.304603,1153.4,1107.94,1064.95,1027.93,0.0,-0.02,1.0,1.0,1.0,1.0,1379.83,645.3662760457735,677.2042437101318,-0.784213409333994,489.33260509621726,386.37155814114084,51.46610341445807,277.0337663531558,226.46704083123194,55.901072788613796,28.187940578707135,-3.363118135102795
44765430,21.242000,-227.894714,39.322994,1151.83,1116.35,1059.79,1023.52,-0.0,-0.02,1.0,1.0,1.0,0.44,1379.83,645.4275571052225,677.1051424605851,-0.5920177096783509,489.33260509621726,386.37155814114084,51.46610341445807,277.0337663531558,226.46704083123194,55.901072788613796,28.187940578707135,-3.363118135102795
44765530,21.328000,-229.954533,48.177006,1149.87,1124.72,1055.25,1020.85,-0.0,-0.02,1.0,1.0,0.59,0.09,1380.02,645.4083131261843,677.0832678207128,-0.5379617132538003,550.5924513514201,352.1217810537463,33.86097729114929,277.0337663531558,226.46704083123194,55.901072788613796,28.187940578707135,-3.363118135102795
44765630,21.428000,-228.183867,48.498934,1147.85,1132.43,1052.99,1020.13,-0.0,-0.02,1.0,1.0,0.14,0.24,1379.05,645.3724333561062,677.1235684026904,-0.8430748455583362,555.9428324544004,349.7612695885111,31.59534988307002,277.0337663531558,226.46704083123194,55.901072788613796,28.187940578707135,-3.363118135102795
44765731,21.527000,-223.455419,45.715548,1146.69,1139.31,1052.85,1020.14,-0.0,-0.02,1.0,1.0,0.11,0.24,1379.27,645.3601019134636,677.0810640234226,-0.7417013278176487,559.2910676286768,348.12091981406076,30.027412283473442,277.0337663531558,226.46704083123194,55.901072788613796,28.187940578707135,-3.363118135102795
44765831,21.627000,-215.780922,47.439678,1145.96,1145.32,1053.16,1020.2,-0.0,-0.02,1.0,1.0,0.17,0.23,1379.48,645.355306622028,677.0393087016042,-0.756390284651527,565.8405311799916,345.7955961350976,28.28628872560318,277.0337663531558,226.46704083123194,55.901072788613796,28.187940578707135,-3.363118135102795
44765930,21.729000,-212.027407,50.169536,1145.92,1150.19,1053.07,1020.25,-0.0,-0.02,1.0,1.0,0.16,0.22,1379.77,645.3800765212786,677.0261110534072,-0.7444465150818339,565.8405311799916,345.7955961350976,28.28628872560318,277.0337663531558,226.46704083123194,55.901072788613796,28.187940578707135,-3.363118135102795
44766030,21.827000,-210.702068,50.331294,1146.42,1154.2,1053.27,1020.18,-0.0,-0.02,1.0,1.0,0.2,0.23,1379.94,645.3605569823775,676.9312839141205,-0.8475599088857049,565.8405311799916,345.7955961350976,28.28628872560318,277.0337663531558,226.46704083123194,55.901072788613796,28.187940578707135,-3.363118135102795
44766130,21.927000,-210.057153,53.040204,1146.45,1158.09,1053.32,1020.19,0.0,-0.02,1.0,1.0,1.0,0.23,1380.03,645.3105878916015,676.9291281927942,-0.5869726541420326,565.8405311799916,345.7955961350976,28.28628872560318,277.0337663531558,226.46704083123194,55.901072788613796,28.187940578707135,-3.363118135102795
44766231,22.028000,-210.575428,55.449324,1146.14,1161.49,1062.29,1023.36,0.0,-0.02,1.0,1.0,1.0,0.41,1378.65,645.3874474587992,676.9804055053711,-0.6361140365849905,565.8405311799916,345.7955961350976,28.28628872560318,277.0337663531558,226.46704083123194,55.901072788613796,28.187940578707135,-3.363118135102795
44766334,22.128000,-214.300638,60.282423,1145.13,1165.23,1071.43,1026.69,0.0,-0.02,1.0,1.0,0.07,1.0,1377.39,645.415519924417,676.939074233402,-0.6518655621146962,565.8405311799916,345.7955961350976,28.28628872560318,277.0337663531558,226.46704083123194,55.901072788613796,28.187940578707135,-3.363118135102795
44766433,22.232000,-215.265117,60.011021,1143.29,1169.75,1069.83,1024.28,0.0,-0.02,1.0,1.0,0.39,0.59,1377.1,645.4303180335385,676.9650005547846,-0.6884290721686107,565.8405311799916,345.7955961350976,28.28628872560318,277.0337663531558,226.46704083123194,55.901072788613796,28.187940578707135,-3.363118135102795
44766533,22.331000,-214.531445,58.508570,1140.96,1174.29,1070.38,1022.85,0.0,-0.02,1.0,1.0,0.28,0.3,1377.32,645.4260890679816,676.949318733723,-0.7055293965887329,565.8405311799916,345.7955961350976,28.28628872560318,277.0337663531558,226.46704083123194,55.901072788613796,28.187940578707135,-3.363118135102795
44766634,22.432000,-206.776325,59.297331,1138.4,1178.82,1069.61,1023.05,0.0,-0.02,1.0,1.0,1.0,0.35,1377.67,645.44736164344,676.9740996967009,-0.7161739045871061,701.6219894145747,338.0104311416694,-15.908025998776026,277.0337663531558,226.46704083123194,55.901072788613796,28.187940578707135,-3.363118135102795
44766734,22.532000,-199.850690,63.588816,1135.91,1182.92,1078.65,1026.44,0.0,-0.02,1.0,1.0,0.05,1.0,1377.33,645.4356410081919,676.9785852765083,-0.7055870731448369,709.4849015872152,340.0073423831839,-18.370764400835014,277.0337663531558,226.46704083123194,55.901072788613796,28.187940578707135,-3.363118135102795
44766835,22.633000,-193.587366,66.755042,1133.64,1186.84,1077.57,1023.67,0.0,-0.02,1.0,1.0,0.67,0.47,1376.73,645.4576580090815,677.0091478502572,-0.7377584985917404,716.8873205801707,342.375682043755,-21.80249774451424,277.0337663531558,226.46704083123194,55.901072788613796,28.187940578707135,-3.363118135102795
44766934,22.733000,-189.856407,67.548055,1131.22,1189.75,1082.41,1024.05,0.0,-0.02,1.0,1.0,0.57,0.55,1375.46,645.4019416761687,677.014706169413,-0.7766016659683835,716.8873205801707,342.375682043755,-21.80249774451424,277.0337663531558,226.46704083123194,55.901072788613796,28.187940578707135,-3.363118135102795
44767035,22.832000,-189.300032,68.813206,1129.08,1192.36,1087.09,1023.24,0.0,-0.02,1.0,1.0,0.26,0.39,1375.05,645.4494929437676,677.0627322204539,-0.7850110791734702,716.8873205801707,342.375682043755,-21.80249774451424,277.0337663531558,226.46704083123194,55.901072788613796,28.187940578707135,-3.363118135102795
44767134,22.933000,-191.659900,72.302041,1126.19,1195.38,1086.6,1022.27,0.0,-0.02,1.0,1.0,0.52,0.19,1375.21,645.4922168560935,677.1023983823058,-0.7330669704851812,716.8873205801707,342.375682043755,-21.80249774451424,277.0337663531558,226.46704083123194,55.901072788613796,28.187940578707135,-3.363118135102795
44767234,23.032000,-193.945890,73.406717,1123.14,1198.63,1090.37,1023.28,0.0,-0.02,1.0,1.0,0.72,0.39,1375.43,645.5004636389693,677.1795281608354,-0.797133232088642,716.8873205801707,342.375682043755,-21.80249774451424,277.0337663531558,226.46704083123194,55.901072788613796,28.187940578707135,-3.363118135102795
44767335,23.132000,-195.029855,76.069729,1119.19,1202.67,1096.76,1023.87,0.01,-0.02,1.0,1.0,0.34,0.51,1374.98,645.5049911308627,677.2277403083486,-0.8006511573308775,716.8873205801707,342.375682043755,-21.80249774451424,277.0337663531558,226.46704083123194,55.901072788613796,28.187940578707135,-3.363118135102795
44767435,23.233000,-194.217556,81.604404,1112.85,1207.47,1095.9,1021.86,0.01,-0.02,1.0,1.0,0.17,0.11,1374.77,645.5175120743884,677.2516480013907,-0.7595480844058052,795.3652067147949,381.6271820115177,-50.37445410431757,277.0337663531558,226.46704083123194,55.901072788613796,28.187940578707135,-3.363118135102795
44767534,23.333000,-191.130660,85.072842,1105.87,1212.88,1095.38,1021.94,0.0,-0.02,1.0,1.0,0.06,0.13,1375.19,645.5064482237069,677.2830442181993,-0.7859786239415436,801.9661766915916,386.45656446752355,-52.79246960388275,277.0337663531558,226.46704083123194,55.901072788613796,28.187940578707135,-3.363118135102795
44767635,23.432000,-186.736588,82.744029,1097.56,1218.37,1095.31,1021.97,0.0,-0.02,1.0,0.12,1.0,0.13,1375.7,645.536460468882,677.3815563174524,-0.8571685862727931,805.9532236961286,389.66613959852697,-54.55824152043031,277.0337663531558,226.46704083123194,55.901072788613796,28.187940578707135,-3.363118135102795
44767735,23.533000,-182.505146,81.275362,1088.9,1216.0,1103.23,1023.74,0.0,-0.02,1.0,0.52,0.7,0.49,1375.09,645.5609577137841,677.3856620517116,-0.8560959570877765,810.6819175627746,393.4395463833358,-56.6922043553133,277.0337663531558,226.46704083123194,55.901072788613796,28.187940578707135,-3.363118135102795
44767835,23.633000,-178.566983,81.913152,1081.02,1216.18,1109.19,1022.81,0.0,-0.02,1.0,0.49,0.49,0.3,1375.26,645.5313829092971,677.4164376251929,-0.8197849710957759,816.9376722705167,399.280456786045,-60.480767083226574,277.0337663531558,226.46704083123194,55.901072788613796,28.187940578707135,-3.363118135102795
44767936,23.733000,-172.792853,81.057015,1073.29,1217.69,1107.08,1022.34,0.0,-0.02,1.0,1.0,0.7,0.21,1375.39,645.5086832429342,677.4510969916695,-0.7934858389269769,816.9376722705167,399.280456786045,-60.480767083226574,277.0337663531558,226.46704083123194,55.901072788613796,28.187940578707135,-3.363118135102795
44768036,23.834000,-166.257490,82.785388,1064.42,1209.13,1103.52,1021.52,0.0,-0.02,1.0,0.46,0.01,0.04,1376.66,645.5328218404051,677.5314592246572,-0.776689228174566,834.113355332345,416.68531763349245,-67.741922784619,277.0337663531558,226.46704083123194,55.901072788613796,28.187940578707135,-3.363118135102795
44768137,23.934000,-160.214588,85.256436,1055.67,1203.97,1103.44,1021.48,0.0,-0.02,1.0,0.41,0.03,0.03,1377.08,645.5479287479277,677.5959985379637,-0.7678824973989843,839.2332444171303,422.5895830089645,-69.75902609078067,277.0337663531558,226.46704083123194,55.901072788613796,28.187940578707135,-3.363118135102795
44768236,24.035000,-157.583301,86.427367,1047.33,1206.3,1103.26,1021.58,-0.0,-0.02,1.0,1.0,0.74,0.06,1377.27,645.5889115867435,677.6734286148958,-0.7344350845224759,841.8503778058931,425.7536409887237,-70.29999382008147,1065.6315435919237,277.135525887167,-43.470753579121364,-37.92084852496503,19.430729730383653
44768337,24.133000,-157.583301,86.427367,1038.95,1200.66,1109.69,1023.22,-0.0,-0.02,1.0,1.0,0.32,0.38,1378.0,645.5699666843543,677.6640500769638,-0.7179055830320522,840.1927946135479,423.96266487471297,-69.9956778280997,1065.6315435919237,277.135525887167,-43.470753579121364,-37.92084852496503,19.430729730383653
44768436,24.234000,-157.583301,86.427367,1030.95,1192.89,1109.52,1021.96,-0.0,-0.02,1.0,1.0,0.28,0.13,1378.68,645.5244319594833,677.534621267171,-0.7450476093473969,835.0627600446855,418.34817198916767,-68.37258316231649,1065.6315435919237,277.135525887167,-43.470753579121364,-37.92084852496503,19.430729730383653
44768536,24.333000,-157.583301,86.427367,1024.11,1185.22,1109.3,1021.96,-0.0,-0.02,1.0,0.0,0.24,0.13,1380.21,645.5152721700247,677.4747331353299,-0.7722944142993328,830.9840144311377,413.8935408819256,-66.37688119358927,1065.6315435919237,277.135525887167,-43.470753579121364,-37.92084852496503,19.430729730383653
44768636,24.433000,-157.583301,86.427367,1018.61,1184.71,1109.2,1021.96,-0.0,-0.03,0.98,0.09,0.22,0.13,1380.46,645.5380091679588,677.4837687845123,-0.7846568388842933,826.5435546294342,409.5484552452837,-64.1645273918874,1029.1349126453424,233.231034858016,-119.97898924447969,-34.04126418448539,19.115927339269525
44768736,24.533000,-157.583301,86.427367,1014.32,1184.92,1109.25,1021.92,-0.01,-0.03,0.25,0.05,0.23,0.12,1381.97,645.5275168933398,677.4725460336958,-0.772796992828996,823.6699644444144,406.82121857913984,-63.199981335937466,1022.5988045044304,225.756589629762,-33.683810994573314,-33.35287464972536,19.01414817502924
44768836,24.634000,-157.583301,86.427367,1014.05,1184.53,1108.89,1021.9,-0.01,-0.03,0.2,0.11,0.16,0.12,1383.64,645.5303345865633,677.459416844247,-0.7771715634203323,822.7504634356203,405.7479766188881,-62.684044780868746,1018.7731785341805,221.8385495925883,-32.40687788153165,-33.11385926255904,19.401589112851376
44768937,24.734000,-157.583301,86.427367,1014.8,1183.84,1109.14,1021.94,-0.01,-0.03,0.32,0.23,0.21,0.13,1384.84,645.529038646384,677.4921753748696,-0.819309493121911,823.5227683152046,406.6629338107129,-63.13876072723996,1021.0533764604198,224.12751403608982,-33.242787092330005,-33.313619461285676,19.36785355134267
44769038,24.834000,-157.583301,86.427367,1015.28,1183.34,1109.2,1021.78,-0.01,-0.03,0.4,0.31,0.22,0.1,1386.29,645.1305749851881,677.205732337618,-0.6429789980227574,826.3215525513987,409.267789399793,-64.03747750407572,1021.0533764604198,224.12751403608982,-33.242787092330005,-33.313619461285676,19.36785355134267
44769138,24.935000,-157.583301,86.427367,1014.81,1183.74,1109.21,1021.81,-0.01,-0.03,0.32,0.24,0.22,0.1,1387.2,644.8594594776431,677.2426806107547,-0.848305541718797,829.9513928589871,411.6391525726668,-65.33408294402815,1035.9738283937145,237.96382210565415,-122.09266491257405,-34.871600109372075,19.87383162952745
44769238,25.036000,-157.583301,86.427367,1014.5,1184.39,1108.83,1021.88,-0.01,-0.03,0.26,0.13,0.15,0.12,1388.08,644.6975292658311,678.4367962075249,-0.4971856819401479,832.2033885202326,413.5577863077994,-65.63017757406591,1042.1846068372072,242.53674304044415,-36.491595392614755,-35.294390057667485,19.750175597282805
44769338,25.135000,-157.583301,86.427367,1014.17,1184.86,1109.02,1021.85,-0.01,-0.03,0.2,0.04,0.19,0.11,1388.87,644.7148215451737,678.416959976056,-0.5328208864538185,831.6094393552377,412.9977432429195,-65.57685935116427,1041.4055441565163,241.79509150383464,-125.85778001020361,-35.15124475900379,19.518415046192878
44769439,25.236000,-157.583301,86.427367,1014.11,1185.25,1108.91,1021.92,-0.01,-0.03,0.18,0.02,0.16,0.12,1389.45,644.7113066454862,679.3606768718838,-0.3671585583181381,831.6094393552377,412.9977432429195,-65.57685935116427,1041.4055441565163,241.79509150383464,-125.85778001020361,-35.15124475900379,19.518415046192878
44769539,25.336000,-157.583301,86.427367,1014.27,1185.21,1108.79,1022.09,-0.01,-0.03,0.21,0.02,0.14,0.16,1389.81,644.7018239506502,679.3716692326341,-0.2743017213685712,831.6094393552377,412.9977432429195,-65.57685935116427,1041.4055441565163,241.79509150383464,-125.85778001020361,-35.15124475900379,19.518415046192878
44769638,25.437000,-157.583301,86.427367,1014.41,1184.88,1108.76,1021.96,-0.01,-0.03,0.23,0.03,0.13,0.13,1390.23,644.690761071387,679.3693424828336,-0.38193527394556487,831.6094393552377,412.9977432429195,-65.57685935116427,1041.4055441565163,241.79509150383464,-125.85778001020361,-35.15124475900379,19.518415046192878
44769738,25.536000,-157.583301,86.427367,1014.79,1184.43,1108.95,1021.92,-0.01,-0.03,0.29,0.11,0.17,0.12,1389.32,644.7940634463531,678.1594288044812,-0.5406729500339552,826.4257202182093,407.7989815001825,-63.59137667218803,1028.3400582389627,227.47759393673988,-124.70554329858484,-33.89371805832633,19.55416590501204
44769838,25.636000,-157.583301,86.427367,1015.15,1184.06,1108.94,1021.85,-0.01,-0.03,0.35,0.17,0.17,0.11,1389.57,644.8136703534653,677.8781059967548,-0.73288103891622,828.0263928248334,409.5603623423095,-64.63727862736566,1032.1166478156454,232.27448235341433,-34.98613173388911,-34.326042988998594,19.631760357300905
44769939,25.737000,-157.583301,86.427367,1014.91,1184.12,1109.02,1021.86,-0.0,-0.03,0.3,0.16,0.19,0.11,1390.12,644.7581019968678,677.6031436669875,-0.783413876180002,829.7198692541119,411.4697422344297,-65.1614520365101,1036.4422877239538,237.711277006564,-35.853776237316175,-34.79916307233202,19.646721259077502
44770039,25.837000,-157.583301,86.427367,1014.69,1184.43,1108.91,1021.79,-0.0,-0.03,0.26,0.1,0.16,0.1,1390.51,644.843807734243,677.2626050102433,-0.8176292027730748,830.6454789763071,412.4850860910975,-65.65314546540222,1038.484997727364,240.5835677482318,-36.11487820356474,-35.05839549778617,19.710524565259163
44770139,25.937000,-157.583301,86.427367,1014.46,1184.74,1108.87,1021.96,-0.0,-0.03,0.22,0.05,0.16,0.13,1390.96,644.8424253519904,676.8477009663571,-0.7358556899643901,830.0794971035101,411.98274481745824,-65.27074691560914,1037.1381837430552,239.86146376170626,-36.14142910016618,-34.96756465322938,19.670795837191825
44770240,26.036000,-157.583301,86.427367,1014.47,1184.98,1108.72,1022.03,-0.0,-0.03,0.22,0.0,0.13,0.15,1391.04,644.7875400096456,676.5780750902069,-0.7668262695013986,828.2632822322979,410.448080920234,-64.87737851950565,1033.5201739501215,236.35672218156492,-35.66223862717866,-34.58321498307238,19.46981607625898
44770339,26.138000,-157.583301,86.427367,1014.49,1184.86,1108.79,1021.91,-0.0,-0.02,0.22,0.02,0.14,0.12,1391.35,644.9556267868295,676.8851884970053,-0.8110076008350559,826.7335290724793,409.321655331811,-64.28070753856659,1029.542380221923,232.50000246324026,-34.63622057735212,-34.19149029007413,19.466968659206728
44770439,26.237000,-157.583301,86.427367,1014.68,1184.51,1108.82,1021.94,-0.0,-0.02,0.25,0.08,0.15,0.13,1391.58,645.1066161486333,677.119558702847,-0.6625239473878669,826.1056295801218,408.9234100891175,-64.02513514300087,1027.600830715039,230.75810560540594,-34.022728434607636,-34.01444970265173,19.51253170301696
44770540,26.337000,-157.583301,86.427367,1014.84,1184.15,1108.91,1021.99,-0.0,-0.02,0.27,0.14,0.16,0.14,1391.74,645.1404974482382,677.3792481803392,-0.8999382254891765,826.7061108890532,409.7916379386968,-64.17827400648282,1028.7800621696274,232.51681067096226,-34.52971712891142,-34.15798011125912,19.575691922643294
44770640,26.438000,-157.583301,86.427367,1015.03,1183.86,1108.9,1021.83,-0.0,-0.02,0.3,0.18,0.16,0.11,1391.75,645.4444528287752,677.4972502990486,-0.8150946243310928,828.3564805583071,411.55008585073216,-64.86878894858415,1032.2688527504265,236.53646808039477,-35.501238095535484,-34.51925257292722,19.677290350287187
44770741,26.538000,-157.583301,86.427367,1014.96,1184.1,1108.87,1021.79,-0.0,-0.03,0.28,0.14,0.16,0.1,1391.94,645.4705597505789,677.4984490242335,-0.7751326892091834,829.7510722717956,412.8013066193898,-65.40161256749927,1035.675341640082,240.11917111278188,-35.825580051965815,-34.845396908802485,19.673017718995645
44770841,26.639000,-157.583301,86.427367,1014.69,1184.33,1108.64,1021.93,-0.0,-0.03,0.23,0.1,0.11,0.12,1392.04,645.4690137665616,677.5098357992048,-0.8182883229106713,830.2881624745733,413.48768495936207,-65.55900809297736,1036.9836157810835,241.69879451629862,-36.067227256521214,-34.992550797861604,19.71577683660732
44770941,26.739000,-157.583301,86.427367,1014.63,1184.62,1108.62,1021.96,-0.0,-0.03,0.22,0.05,0.11,0.13,1392.03,645.4645889444721,677.4912401373981,-0.7825217871383848,829.6602788527714,412.7088422747728,-65.47088908007484,1035.641075581559,240.18568025477882,-35.93416893261097,-34.82437821942682,19.597259167468813
44771041,26.839000,-157.583301,86.427367,1014.66,1184.67,1108.57,1021.89,-0.0,-0.02,0.22,0.04,0.1,0.12,1392.13,645.452822467012,677.5003013933159,-0.796893368309698,828.2184331516285,411.3607849488843,-64.77504563024038,1032.4710419414184,236.68063867986655,-35.45779769367138,-34.47849876576955,19.494596392954712
44771142,26.939000,-157.583301,86.427367,1014.73,1184.57,1108.65,1021.94,-0.0,-0.02,0.23,0.05,0.11,0.13,1392.05,645.4559704361213,677.5035144281514,-0.7729899876964674,827.1432132902323,410.17012181539377,-64.45696434328596,1029.4795401797874,233.39916808688454,-34.60777055903121,-34.201122558531445,19.544303880861555
44771241,27.040000,-157.583301,86.427367,1014.87,1184.18,1108.72,1021.92,-0.0,-0.02,0.25,0.11,0.13,0.12,1392.16,645.4687555856598,677.4830202399028,-0.7948313874355721,826.7479001734713,409.799462644026,-64.07416864729745,1028.5786978391611,232.47552270558808,-34.438307034477674,-34.10642067587986,19.514644061447626
44771342,27.139000,-157.583301,86.427367,1015.07,1184.07,1108.76,1021.9,-0.01,-0.02,0.28,0.13,0.13,0.12,1392.21,645.471226944463,677.46914693091,-0.7708193408022442,827.5152375208719,410.55455836722757,-64.38059800279902,1030.2022141668995,234.208385186104,-34.757795878771965,-34.295198191900795,19.61503357345694
44771450,27.240000,-157.583301,86.427367,1015.11,1184.04,1108.66,1021.89,-0.01,-0.02,0.28,0.13,0.11,0.12,1392.21,645.4192317447566,677.5051661402869,-0.7953811036340374,828.9147996265667,411.96284878125954,-64.94120086242947,1033.2459023419788,237.5835219233757,-35.45987048847388,-34.64532395541966,19.768602929862567
44771549,27.347000,-157.583301,86.427367,1015.01,1184.12,1108.59,1021.84,-0.01,-0.02,0.26,0.12,0.1,0.11,1392.17,645.4686129831778,677.5142434383284,-0.8191462917125847,829.7715820171319,412.8158672015243,-65.42021641902332,1035.7948216426166,240.3315820883877,-35.706882434209206,-34.848545557398154,19.633427239161243
44771649,27.448000,-157.583301,86.427367,1014.91,1184.28,1108.58,1021.93,-0.01,-0.02,0.24,0.09,0.1,0.12,1392.22,645.4716350562348,677.4869449059495,-0.801335790986281,829.9113694645048,412.97967893092374,-65.38896123042795,1036.1734179385746,240.91526157595558,-35.87199125397432,-34.88789158539577,19.610748140897456
44771750,27.548000,-157.583301,86.427367,1014.77,1184.47,1108.6,1022.0,-0.01,-0.02,0.21,0.05,0.1,0.14,1392.25,645.4675961308642,677.4906481494673,-0.8182649537623299,829.2733756699806,412.21117341378573,-65.19669656518415,1034.4799573719397,238.88923276830087,-35.54731258783334,-34.7171590783474,19.61948146572039
44771849,27.647000,-157.583301,86.427367,1014.8,1184.34,1108.55,1022.05,-0.01,-0.02,0.22,0.07,0.09,0.15,1392.37,645.4758722313165,677.4803814549914,-0.7799515986652004,827.9132670125535,410.9859777746138,-64.84585047093564,1031.5060087189213,235.7759258962156,-35.11966779702495,-34.394857338253786,19.504700575234715
44771949,27.747000,-157.583301,86.427367,1014.95,1184.24,1108.51,1021.83,-0.01,-0.02,0.24,0.09,0.08,0.11,1392.3,645.4710032224169,677.4782703220036,-0.7885308603848398,827.1618088819499,410.16515501815945,-64.43198649070494,1029.3930942845202,233.42190754514326,-34.62374632536362,-34.20366539468029,19.559681495718195
44772052,27.847000,-157.583301,86.427367,1015.08,1183.9,1108.61,1021.9,-0.01,-0.02,0.26,0.14,0.11,0.12,1392.39,645.455064964537,677.4840893856634,-0.7447534492565228,827.1404391142365,410.13076408411035,-64.31878757681359,1029.3397636506231,233.32868952757565,-34.44834278945081,-34.198862650093524,19.564011287179575
44772149,27.950000,-157.583301,86.427367,1015.27,1183.85,1108.71,1021.92,-0.01,-0.02,0.29,0.15,0.13,0.12,1392.17,645.4804086758286,677.4894303180953,-0.8049984555230236,827.9016396186533,411.01874690875525,-64.91105615021249,1031.2285625936106,235.39533890761416,-34.8350190225847,-34.394868266328665,19.608513726583425
44772250,28.047000,-157.583301,86.427367,1015.13,1183.81,1108.69,1021.84,-0.0,-0.02,0.26,0.15,0.12,0.11,1392.47,645.480013066699,677.491429060132,-0.7848342092227297,829.2268571222454,412.16734705223695,-65.14332455249938,1033.892989959166,238.28592181957376,-35.39359932435421,-34.704048746345585,19.758851218395456
44772349,28.149000,-157.583301,86.427367,1015.08,1184.0,1108.44,1021.85,-0.0,-0.02,0.25,0.12,0.07,0.11,1392.34,645.5032287375857,677.4808046084553,-0.8167814155167152,829.7303373826692,412.83521617516834,-65.45814704039174,1035.652853789348,240.22475408779655,-35.70746107264997,-34.84284314588558,19.656439648310233
44772450,28.246000,-157.583301,86.427367,1014.96,1184.21,1108.52,1021.92,-0.0,-0.02,0.22,0.08,0.09,0.12,1392.45,645.5032287375857,677.4808046084553,-0.8167814155167152,829.7303373826692,412.83521617516834,-65.45814704039174,1035.652853789348,240.22475408779655,-35.70746107264997,-34.84284314588558,19.656439648310233
44772549,28.346000,-157.583301,86.427367,1014.96,1184.21,1108.52,1021.92,-0.0,-0.02,0.22,0.08,0.09,0.12,1392.45,645.5032287375857,677.4808046084553,-0.8167814155167152,829.7303373826692,412.83521617516834,-65.45814704039174,1035.652853789348,240.22475408779655,-35.70746107264997,-34.84284314588558,19.656439648310233
